Property Id,Property Code,Property Name,Post Month,Category,GL Account Code,GL Account Description, Actual MTD 
1449,2402,2386 West 3rd Ave,2026-01-01,Capitalized Interest,10830,WIP Cap Interest," 13,212.02 "
72,1702,1428 Charles,2025-10-01,Capitalized Interest,10830,WIP Cap Interest," 28,512.25 "
72,1702,1428 Charles,2025-11-01,Capitalized Interest,10830,WIP Cap Interest," 29,346.45 "
72,1702,1428 Charles,2025-12-01,Capitalized Interest,10830,WIP Cap Interest," 34,040.45 "
72,1702,1428 Charles,2026-01-01,Capitalized Interest,10830,WIP Cap Interest," 30,930.92 "
72,1702,1428 Charles,2026-02-01,Capitalized Interest,10830,WIP Cap Interest," 28,877.23 "
72,1702,1428 Charles,2025-03-01,Capitalized Interest,10830,WIP Cap Interest," 1,310,366.84 "
77,1703,515-521 Great Northern Way,2025-03-01,Capitalized Interest,10830,WIP Cap Interest," 10,580,075.04 "
77,1703,515-521 Great Northern Way,2025-04-01,Capitalized Interest,10830,WIP Cap Interest," 432,075.25 "
77,1703,515-521 Great Northern Way,2025-05-01,Capitalized Interest,10830,WIP Cap Interest," 349,966.24 "
77,1703,515-521 Great Northern Way,2025-06-01,Capitalized Interest,10830,WIP Cap Interest," 512,905.62 "
77,1703,515-521 Great Northern Way,2025-07-01,Capitalized Interest,10830,WIP Cap Interest," 373,012.07 "
77,1703,515-521 Great Northern Way,2025-08-01,Capitalized Interest,10830,WIP Cap Interest," 350,561.45 "
77,1703,515-521 Great Northern Way,2025-09-01,Capitalized Interest,10830,WIP Cap Interest," 371,694.00 "
77,1703,515-521 Great Northern Way,2025-10-01,Capitalized Interest,10830,WIP Cap Interest," 335,872.29 "
77,1703,515-521 Great Northern Way,2025-11-01,Capitalized Interest,10830,WIP Cap Interest," 319,895.68 "
77,1703,515-521 Great Northern Way,2025-12-01,Capitalized Interest,10830,WIP Cap Interest," 327,837.17 "
77,1703,515-521 Great Northern Way,2026-01-01,Capitalized Interest,10830,WIP Cap Interest," 318,838.39 "
77,1703,515-521 Great Northern Way,2026-02-01,Capitalized Interest,10830,WIP Cap Interest," 318,729.62 "
72,1702,1428 Charles,2026-03-01,Capitalized Interest,10830,WIP Cap Interest," 33,002.54 "
72,1702,1428 Charles,2026-04-01,Capitalized Interest,10830,WIP Cap Interest," 30,939.86 "
72,1702,1428 Charles,2026-05-01,Capitalized Interest,10830,WIP Cap Interest," 29,906.23 "
72,1702,1428 Charles,2026-06-01,Capitalized Interest,10830,WIP Cap Interest," 32,973.62 "
110,1803,700 Kingsway,2026-03-01,Capitalized Interest,10830,WIP Cap Interest," 15,656.40 "
110,1803,700 Kingsway,2026-04-01,Capitalized Interest,10830,WIP Cap Interest," 14,677.87 "
110,1803,700 Kingsway,2026-05-01,Capitalized Interest,10830,WIP Cap Interest," 14,187.51 "
110,1803,700 Kingsway,2026-06-01,Capitalized Interest,10830,WIP Cap Interest," 15,642.68 "
110,1803,700 Kingsway,2025-10-01,Capitalized Interest,10830,WIP Cap Interest," 13,526.21 "
110,1803,700 Kingsway,2025-11-01,Capitalized Interest,10830,WIP Cap Interest," 13,921.96 "
110,1803,700 Kingsway,2025-12-01,Capitalized Interest,10830,WIP Cap Interest," 16,148.79 "
110,1803,700 Kingsway,2026-01-01,Capitalized Interest,10830,WIP Cap Interest," 14,673.63 "
110,1803,700 Kingsway,2026-02-01,Capitalized Interest,10830,WIP Cap Interest," 13,699.36 "
110,1803,700 Kingsway,2025-03-01,Capitalized Interest,10830,WIP Cap Interest," 663,043.27 "
89,5101,First and Roy,2025-03-01,Capitalized Interest,10830,WIP Cap Interest," 232,024.37 "
89,5101,First and Roy,2025-04-01,Capitalized Interest,10830,WIP Cap Interest," 236,054.21 "
89,5101,First and Roy,2025-05-01,Capitalized Interest,10830,WIP Cap Interest," 248,253.43 "
89,5101,First and Roy,2025-06-01,Capitalized Interest,10830,WIP Cap Interest," 245,903.26 "
89,5101,First and Roy,2025-07-01,Capitalized Interest,10830,WIP Cap Interest," 253,244.06 "
89,5101,First and Roy,2025-08-01,Capitalized Interest,10830,WIP Cap Interest," 256,032.20 "
89,5101,First and Roy,2025-09-01,Capitalized Interest,10830,WIP Cap Interest," 253,344.59 "
89,5101,First and Roy,2025-10-01,Capitalized Interest,10830,WIP Cap Interest," 256,233.84 "
89,5101,First and Roy,2025-11-01,Capitalized Interest,10830,WIP Cap Interest," 259,562.46 "
89,5101,First and Roy,2025-12-01,Capitalized Interest,10830,WIP Cap Interest," 264,341.12 "
89,5101,First and Roy,2026-01-01,Capitalized Interest,10830,WIP Cap Interest," 267,911.18 "
89,5101,First and Roy,2026-07-01,Capitalized Interest,10830,WIP Cap Interest," (4,209,523.24)"
89,5101,First and Roy,2026-02-01,Capitalized Interest,10830,WIP Cap Interest," 241,416.98 "
89,5101,First and Roy,2026-06-01,Capitalized Interest,10830,WIP Cap Interest," 231,312.33 "
89,5101,First and Roy,2026-04-01,Capitalized Interest,10830,WIP Cap Interest," 239,022.74 "
89,5101,First and Roy,2026-05-01,Capitalized Interest,10830,WIP Cap Interest," 238,425.84 "
89,5101,First and Roy,2026-03-01,Capitalized Interest,10830,WIP Cap Interest," 294,223.73 "
89,5101,First and Roy,2025-02-01,Capitalized Interest,10830,WIP Cap Interest," 192,216.90 "
77,1703,515-521 Great Northern Way,2026-03-01,Capitalized Interest,10830,WIP Cap Interest," 329,942.01 "
77,1703,515-521 Great Northern Way,2026-04-01,Capitalized Interest,10830,WIP Cap Interest," 319,282.81 "
77,1703,515-521 Great Northern Way,2026-05-01,Capitalized Interest,10830,WIP Cap Interest," 320,137.12 "
77,1703,515-521 Great Northern Way,2026-06-01,Capitalized Interest,10830,WIP Cap Interest," 329,512.27 "
1449,2402,2386 West 3rd Ave,2026-02-01,Capitalized Interest,10830,WIP Cap Interest," 12,833.19 "
1449,2402,2386 West 3rd Ave,2026-03-01,Capitalized Interest,10830,WIP Cap Interest," 14,188.08 "
1449,2402,2386 West 3rd Ave,2026-04-01,Capitalized Interest,10830,WIP Cap Interest," 1,443.79 "
1449,2402,2386 West 3rd Ave,2025-03-01,Capitalized Interest,10830,WIP Cap Interest," 182,873.72 "
1449,2402,2386 West 3rd Ave,2025-04-01,Capitalized Interest,10830,WIP Cap Interest," 16,203.57 "
1449,2402,2386 West 3rd Ave,2025-05-01,Capitalized Interest,10830,WIP Cap Interest," 15,540.88 "
1449,2402,2386 West 3rd Ave,2025-06-01,Capitalized Interest,10830,WIP Cap Interest," 16,213.13 "
1449,2402,2386 West 3rd Ave,2025-07-01,Capitalized Interest,10830,WIP Cap Interest," 15,673.82 "
1449,2402,2386 West 3rd Ave,2025-08-01,Capitalized Interest,10830,WIP Cap Interest," 16,146.16 "
1449,2402,2386 West 3rd Ave,2025-09-01,Capitalized Interest,10830,WIP Cap Interest," 14,558.77 "
1449,2402,2386 West 3rd Ave,2025-10-01,Capitalized Interest,10830,WIP Cap Interest," 13,864.95 "
1449,2402,2386 West 3rd Ave,2025-11-01,Capitalized Interest,10830,WIP Cap Interest," 13,864.95 "
1446,2401,2315 West 4th,2026-06-01,Capitalized Interest,10830,WIP Cap Interest," 258,333.96 "
1446,2401,2315 West 4th,2025-11-01,Capitalized Interest,10830,WIP Cap Interest," 209,489.56 "
1446,2401,2315 West 4th,2025-12-01,Capitalized Interest,10830,WIP Cap Interest," 202,902.43 "
1446,2401,2315 West 4th,2026-01-01,Capitalized Interest,10830,WIP Cap Interest," 209,210.29 "
1446,2401,2315 West 4th,2026-02-01,Capitalized Interest,10830,WIP Cap Interest," 183,534.65 "
1446,2401,2315 West 4th,2026-03-01,Capitalized Interest,10830,WIP Cap Interest," 203,579.69 "
1446,2401,2315 West 4th,2026-04-01,Capitalized Interest,10830,WIP Cap Interest," 209,967.17 "
1446,2401,2315 West 4th,2026-05-01,Capitalized Interest,10830,WIP Cap Interest," 111,608.44 "
1446,2401,2315 West 4th,2025-03-01,Capitalized Interest,10830,WIP Cap Interest," 2,719,514.73 "
1446,2401,2315 West 4th,2025-04-01,Capitalized Interest,10830,WIP Cap Interest," 214,930.50 "
1446,2401,2315 West 4th,2025-05-01,Capitalized Interest,10830,WIP Cap Interest," 237,374.43 "
1446,2401,2315 West 4th,2025-06-01,Capitalized Interest,10830,WIP Cap Interest," 218,027.35 "
1446,2401,2315 West 4th,2025-07-01,Capitalized Interest,10830,WIP Cap Interest," 238,812.86 "
1446,2401,2315 West 4th,2025-08-01,Capitalized Interest,10830,WIP Cap Interest," 225,437.42 "
1446,2401,2315 West 4th,2025-09-01,Capitalized Interest,10830,WIP Cap Interest," 232,701.65 "
1446,2401,2315 West 4th,2025-10-01,Capitalized Interest,10830,WIP Cap Interest," 202,235.62 "
290,2102,1155 East 6th,2025-04-01,Capitalized Interest,10830,WIP Cap Interest," 342,083.86 "
290,2102,1155 East 6th,2025-05-01,Capitalized Interest,10830,WIP Cap Interest," 343,655.19 "
290,2102,1155 East 6th,2025-06-01,Capitalized Interest,10830,WIP Cap Interest," 352,335.28 "
290,2102,1155 East 6th,2025-07-01,Capitalized Interest,10830,WIP Cap Interest," 355,357.28 "
290,2102,1155 East 6th,2025-08-01,Capitalized Interest,10830,WIP Cap Interest," 331,887.44 "
290,2102,1155 East 6th,2025-09-01,Capitalized Interest,10830,WIP Cap Interest," 354,054.28 "
290,2102,1155 East 6th,2025-10-01,Capitalized Interest,10830,WIP Cap Interest," 352,487.01 "
290,2102,1155 East 6th,2025-11-01,Capitalized Interest,10830,WIP Cap Interest," 291,727.04 "
290,2102,1155 East 6th,2025-12-01,Capitalized Interest,10830,WIP Cap Interest," 341,482.00 "
290,2102,1155 East 6th,2026-01-01,Capitalized Interest,10830,WIP Cap Interest," 312,434.27 "
290,2102,1155 East 6th,2026-02-01,Capitalized Interest,10830,WIP Cap Interest," 290,966.48 "
290,2102,1155 East 6th,2026-03-01,Capitalized Interest,10830,WIP Cap Interest," 334,248.70 "
290,2102,1155 East 6th,2026-04-01,Capitalized Interest,10830,WIP Cap Interest," 313,004.27 "
290,2102,1155 East 6th,2026-05-01,Capitalized Interest,10830,WIP Cap Interest," 302,473.52 "
290,2102,1155 East 6th,2026-06-01,Capitalized Interest,10830,WIP Cap Interest," 333,419.65 "
290,2102,1155 East 6th,2025-03-01,Capitalized Interest,10830,WIP Cap Interest," 16,155,184.43 "
289,2101dev,1077 Great Northern Way - development,2025-04-01,Capitalized Interest,10830,WIP Cap Interest," 36,978.36 "
289,2101dev,1077 Great Northern Way - development,2025-05-01,Capitalized Interest,10830,WIP Cap Interest," 37,010.83 "
289,2101dev,1077 Great Northern Way - development,2025-06-01,Capitalized Interest,10830,WIP Cap Interest," 37,000.89 "
289,2101dev,1077 Great Northern Way - development,2025-07-01,Capitalized Interest,10830,WIP Cap Interest," 37,030.58 "
289,2101dev,1077 Great Northern Way - development,2025-08-01,Capitalized Interest,10830,WIP Cap Interest," 37,005.56 "
289,2101dev,1077 Great Northern Way - development,2025-09-01,Capitalized Interest,10830,WIP Cap Interest," 36,918.27 "
289,2101dev,1077 Great Northern Way - development,2025-10-01,Capitalized Interest,10830,WIP Cap Interest," 36,972.92 "
289,2101dev,1077 Great Northern Way - development,2025-11-01,Capitalized Interest,10830,WIP Cap Interest," 36,975.83 "
289,2101dev,1077 Great Northern Way - development,2025-12-01,Capitalized Interest,10830,WIP Cap Interest," 37,013.01 "
289,2101dev,1077 Great Northern Way - development,2026-01-01,Capitalized Interest,10830,WIP Cap Interest," 37,000.63 "
289,2101dev,1077 Great Northern Way - development,2026-02-01,Capitalized Interest,10830,WIP Cap Interest," 36,933.27 "
289,2101dev,1077 Great Northern Way - development,2026-03-01,Capitalized Interest,10830,WIP Cap Interest," 36,831.45 "
289,2101dev,1077 Great Northern Way - development,2026-04-01,Capitalized Interest,10830,WIP Cap Interest," 36,977.69 "
289,2101dev,1077 Great Northern Way - development,2026-05-01,Capitalized Interest,10830,WIP Cap Interest," 37,005.46 "
289,2101dev,1077 Great Northern Way - development,2026-06-01,Capitalized Interest,10830,WIP Cap Interest," 36,987.91 "
289,2101dev,1077 Great Northern Way - development,2025-03-01,Capitalized Interest,10830,WIP Cap Interest," 1,797,692.08 "
124,1604,901 Great Northern Way - Development,2025-03-01,Capitalized Interest,10830,WIP Cap Interest," 2,634,003.25 "
48,1000,Low Tide Properties Ltd,2023-06-01,Payment/Draw,21010,Line of Credit," 4,740,000.00 "
48,1000,Low Tide Properties Ltd,2024-04-01,Payment/Draw,21010,Line of Credit," 1,495,000.00 "
48,1000,Low Tide Properties Ltd,2024-12-01,Payment/Draw,21010,Line of Credit," 15,250,000.00 "
48,1000,Low Tide Properties Ltd,2025-12-01,Payment/Draw,21010,Line of Credit," 13,185,000.00 "
48,1000,Low Tide Properties Ltd,2023-01-01,Payment/Draw,21010,Line of Credit," (17,470,000.00)"
48,1000,Low Tide Properties Ltd,2023-02-01,Payment/Draw,21010,Line of Credit," 2,590,000.00 "
48,1000,Low Tide Properties Ltd,2023-03-01,Payment/Draw,21010,Line of Credit," (3,480,000.00)"
48,1000,Low Tide Properties Ltd,2023-04-01,Payment/Draw,21010,Line of Credit," (2,805,000.00)"
48,1000,Low Tide Properties Ltd,2023-07-01,Payment/Draw,21010,Line of Credit," 1,395,000.00 "
48,1000,Low Tide Properties Ltd,2023-08-01,Payment/Draw,21010,Line of Credit," 8,990,000.00 "
48,1000,Low Tide Properties Ltd,2023-09-01,Payment/Draw,21010,Line of Credit," 1,655,000.00 "
48,1000,Low Tide Properties Ltd,2023-10-01,Payment/Draw,21010,Line of Credit," (6,450,000.00)"
48,1000,Low Tide Properties Ltd,2023-11-01,Payment/Draw,21010,Line of Credit," 430,000.00 "
48,1000,Low Tide Properties Ltd,2023-12-01,Payment/Draw,21010,Line of Credit," (3,750,000.00)"
48,1000,Low Tide Properties Ltd,2024-01-01,Payment/Draw,21010,Line of Credit," 7,450,000.00 "
48,1000,Low Tide Properties Ltd,2024-02-01,Payment/Draw,21010,Line of Credit," (12,265,000.00)"
48,1000,Low Tide Properties Ltd,2024-03-01,Payment/Draw,21010,Line of Credit," (2,195,000.00)"
48,1000,Low Tide Properties Ltd,2024-05-01,Payment/Draw,21010,Line of Credit," 170,000.00 "
48,1000,Low Tide Properties Ltd,2024-06-01,Payment/Draw,21010,Line of Credit," 20,970,000.00 "
48,1000,Low Tide Properties Ltd,2024-07-01,Payment/Draw,21010,Line of Credit," (930,000.00)"
48,1000,Low Tide Properties Ltd,2024-08-01,Payment/Draw,21010,Line of Credit," (1,070,000.00)"
48,1000,Low Tide Properties Ltd,2024-09-01,Payment/Draw,21010,Line of Credit," 7,890,000.00 "
48,1000,Low Tide Properties Ltd,2024-10-01,Payment/Draw,21010,Line of Credit," (28,525,000.00)"
48,1000,Low Tide Properties Ltd,2025-01-01,Payment/Draw,21010,Line of Credit," (3,550,000.00)"
48,1000,Low Tide Properties Ltd,2025-02-01,Payment/Draw,21010,Line of Credit," 1,700,000.00 "
48,1000,Low Tide Properties Ltd,2025-03-01,Payment/Draw,21010,Line of Credit," 11,260,000.00 "
48,1000,Low Tide Properties Ltd,2025-04-01,Payment/Draw,21010,Line of Credit," (6,570,000.00)"
48,1000,Low Tide Properties Ltd,2025-05-01,Payment/Draw,21010,Line of Credit," (9,735,000.00)"
48,1000,Low Tide Properties Ltd,2025-06-01,Payment/Draw,21010,Line of Credit," 16,010,000.00 "
48,1000,Low Tide Properties Ltd,2025-07-01,Payment/Draw,21010,Line of Credit," (8,365,000.00)"
48,1000,Low Tide Properties Ltd,2025-08-01,Payment/Draw,21010,Line of Credit," 10,000.00 "
48,1000,Low Tide Properties Ltd,2025-09-01,Payment/Draw,21010,Line of Credit," 2,450,000.00 "
48,1000,Low Tide Properties Ltd,2025-10-01,Payment/Draw,21010,Line of Credit," (18,460,000.00)"
48,1000,Low Tide Properties Ltd,2026-01-01,Payment/Draw,21010,Line of Credit," (2,015,000.00)"
48,1000,Low Tide Properties Ltd,2026-02-01,Payment/Draw,21010,Line of Credit," 3,550,000.00 "
48,1000,Low Tide Properties Ltd,2026-03-01,Payment/Draw,21010,Line of Credit," 10,725,000.00 "
48,1000,Low Tide Properties Ltd,2026-04-01,Payment/Draw,21010,Line of Credit," 3,215,000.00 "
48,1000,Low Tide Properties Ltd,2026-05-01,Payment/Draw,21010,Line of Credit," (11,791,000.00)"
48,1000,Low Tide Properties Ltd,2026-06-01,Payment/Draw,21010,Line of Credit," (16,869,000.00)"
48,1000,Low Tide Properties Ltd,2024-05-01,Payment/Draw,21012,Value Add Facility, (97.00)
48,1000,Low Tide Properties Ltd,2024-07-01,Payment/Draw,21012,Value Add Facility," (1,000,000.00)"
48,1000,Low Tide Properties Ltd,2024-10-01,Payment/Draw,21012,Value Add Facility," (18,832,121.01)"
48,1000,Low Tide Properties Ltd,2024-11-01,Payment/Draw,21012,Value Add Facility," 63,112.47 "
48,1000,Low Tide Properties Ltd,2024-12-01,Payment/Draw,21012,Value Add Facility," (93,512.37)"
48,1000,Low Tide Properties Ltd,2025-01-01,Payment/Draw,21012,Value Add Facility," 1,035.78 "
48,1000,Low Tide Properties Ltd,2025-02-01,Payment/Draw,21012,Value Add Facility," 42,168.98 "
48,1000,Low Tide Properties Ltd,2025-03-01,Payment/Draw,21012,Value Add Facility," (5,395.86)"
48,1000,Low Tide Properties Ltd,2025-04-01,Payment/Draw,21012,Value Add Facility," 4,931.53 "
48,1000,Low Tide Properties Ltd,2025-05-01,Payment/Draw,21012,Value Add Facility," 4,304.24 "
48,1000,Low Tide Properties Ltd,2025-06-01,Payment/Draw,21012,Value Add Facility," (33,666.95)"
48,1000,Low Tide Properties Ltd,2025-08-01,Payment/Draw,21012,Value Add Facility," (6,862,604.33)"
48,1000,Low Tide Properties Ltd,2026-06-01,Payment/Draw,21012,Value Add Facility," 30,000,000.00 "
48,1000,Low Tide Properties Ltd,2023-01-01,Payment/Draw,21012,Value Add Facility, 97.86 
48,1000,Low Tide Properties Ltd,2023-02-01,Payment/Draw,21012,Value Add Facility, 97.26 
48,1000,Low Tide Properties Ltd,2023-03-01,Payment/Draw,21012,Value Add Facility," (4,487.42)"
48,1000,Low Tide Properties Ltd,2023-04-01,Payment/Draw,21012,Value Add Facility," 4,398.50 "
48,1000,Low Tide Properties Ltd,2023-05-01,Payment/Draw,21012,Value Add Facility, 177.81 
48,1000,Low Tide Properties Ltd,2023-06-01,Payment/Draw,21012,Value Add Facility, 177.91 
48,1000,Low Tide Properties Ltd,2023-07-01,Payment/Draw,21012,Value Add Facility, 177.96 
48,1000,Low Tide Properties Ltd,2023-08-01,Payment/Draw,21012,Value Add Facility, 177.72 
48,1000,Low Tide Properties Ltd,2023-09-01,Payment/Draw,21012,Value Add Facility," 40,527.84 "
48,1000,Low Tide Properties Ltd,2023-10-01,Payment/Draw,21012,Value Add Facility," (40,173.00)"
48,1000,Low Tide Properties Ltd,2023-11-01,Payment/Draw,21012,Value Add Facility, 177.71 
48,1000,Low Tide Properties Ltd,2023-12-01,Payment/Draw,21012,Value Add Facility, 177.70 
48,1000,Low Tide Properties Ltd,2024-01-01,Payment/Draw,21012,Value Add Facility, 177.64 
48,1000,Low Tide Properties Ltd,2024-02-01,Payment/Draw,21012,Value Add Facility, 97.61 
77,1703,515-521 Great Northern Way,2024-10-01,Payment/Draw,21040,Construction Loan," 55,415,000.00 "
96,5103,112 Lake Street,2023-02-01,Payment/Draw,21040,Construction Loan," 2,981,613.25 "
96,5103,112 Lake Street,2023-03-01,Payment/Draw,21040,Construction Loan," 2,740,090.96 "
96,5103,112 Lake Street,2023-04-01,Payment/Draw,21040,Construction Loan," 2,593,466.20 "
96,5103,112 Lake Street,2023-05-01,Payment/Draw,21040,Construction Loan," 1,781,173.04 "
96,5103,112 Lake Street,2023-06-01,Payment/Draw,21040,Construction Loan," 2,352,780.50 "
96,5103,112 Lake Street,2023-07-01,Payment/Draw,21040,Construction Loan," 1,426,329.92 "
96,5103,112 Lake Street,2023-11-01,Payment/Draw,21040,Construction Loan," 220,709.00 "
96,5103,112 Lake Street,2024-04-01,Payment/Draw,21040,Construction Loan," (5,000,000.00)"
96,5103,112 Lake Street,2025-04-01,Payment/Draw,21040,Construction Loan," (64,323.52)"
96,5103,112 Lake Street,2025-09-01,Payment/Draw,21040,Construction Loan," (55,844,422.94)"
96,5103,112 Lake Street,2025-08-01,Payment/Draw,21040,Construction Loan," (64,323.52)"
96,5103,112 Lake Street,2025-02-01,Payment/Draw,21040,Construction Loan," (64,323.52)"
96,5103,112 Lake Street,2025-03-01,Payment/Draw,21040,Construction Loan," (64,323.52)"
96,5103,112 Lake Street,2025-05-01,Payment/Draw,21040,Construction Loan," (64,323.52)"
96,5103,112 Lake Street,2025-07-01,Payment/Draw,21040,Construction Loan," (64,323.52)"
96,5103,112 Lake Street,2025-06-01,Payment/Draw,21040,Construction Loan," (64,323.52)"
96,5103,112 Lake Street,2023-10-01,Payment/Draw,21040,Construction Loan," 3,536,587.92 "
96,5103,112 Lake Street,2024-03-01,Payment/Draw,21040,Construction Loan," 140,016.56 "
96,5103,112 Lake Street,2023-01-01,Payment/Draw,21040,Construction Loan," 2,906,116.59 "
96,5103,112 Lake Street,2025-01-01,Payment/Draw,21040,Construction Loan," (64,323.52)"
89,5101,First and Roy,2024-08-01,Payment/Draw,21040,Construction Loan," 4,158,507.68 "
89,5101,First and Roy,2024-09-01,Payment/Draw,21040,Construction Loan," 3,605,102.27 "
89,5101,First and Roy,2024-10-01,Payment/Draw,21040,Construction Loan," 4,019,483.10 "
89,5101,First and Roy,2024-11-01,Payment/Draw,21040,Construction Loan," 3,911,037.00 "
89,5101,First and Roy,2024-12-01,Payment/Draw,21040,Construction Loan," 2,909,886.15 "
89,5101,First and Roy,2025-02-01,Payment/Draw,21040,Construction Loan," 5,102,050.48 "
89,5101,First and Roy,2025-03-01,Payment/Draw,21040,Construction Loan," 3,484,067.88 "
89,5101,First and Roy,2025-04-01,Payment/Draw,21040,Construction Loan," 1,341,690.26 "
89,5101,First and Roy,2025-05-01,Payment/Draw,21040,Construction Loan," 302,812.37 "
89,5101,First and Roy,2025-06-01,Payment/Draw,21040,Construction Loan," 320,168.94 "
89,5101,First and Roy,2025-07-01,Payment/Draw,21040,Construction Loan," 1,062,465.89 "
89,5101,First and Roy,2025-08-01,Payment/Draw,21040,Construction Loan," 324,018.77 "
89,5101,First and Roy,2025-09-01,Payment/Draw,21040,Construction Loan," 397,570.44 "
89,5101,First and Roy,2025-10-01,Payment/Draw,21040,Construction Loan," 317,852.83 "
89,5101,First and Roy,2025-11-01,Payment/Draw,21040,Construction Loan," 321,386.72 "
89,5101,First and Roy,2025-12-01,Payment/Draw,21040,Construction Loan," 307,519.22 "
89,5101,First and Roy,2024-01-01,Payment/Draw,21040,Construction Loan," 2,105,143.89 "
89,5101,First and Roy,2025-01-01,Payment/Draw,21040,Construction Loan," 258,964.61 "
89,5101,First and Roy,2026-01-01,Payment/Draw,21040,Construction Loan," 157,724.43 "
89,5101,First and Roy,2026-03-01,Payment/Draw,21040,Construction Loan," (61,088,510.48)"
89,5101,First and Roy,2023-12-01,Payment/Draw,21040,Construction Loan," 3,952,718.95 "
89,5101,First and Roy,2024-02-01,Payment/Draw,21040,Construction Loan," 3,056,826.55 "
89,5101,First and Roy,2024-03-01,Payment/Draw,21040,Construction Loan," 4,189,484.96 "
89,5101,First and Roy,2024-04-01,Payment/Draw,21040,Construction Loan," 3,789,748.09 "
89,5101,First and Roy,2024-05-01,Payment/Draw,21040,Construction Loan," 4,160,821.49 "
89,5101,First and Roy,2024-06-01,Payment/Draw,21040,Construction Loan," 3,466,693.51 "
89,5101,First and Roy,2024-07-01,Payment/Draw,21040,Construction Loan," 4,064,764.00 "
141,5110,1942 Westlake - Met Tower,2023-01-01,Payment/Draw,21040,Construction Loan," 15,473,125.00 "
63,1603,565 Great Northern Way,2025-11-01,Payment/Draw,24010,First Mortgage Payable," (207,054.97)"
63,1603,565 Great Northern Way,2025-12-01,Payment/Draw,24010,First Mortgage Payable," (207,708.91)"
63,1603,565 Great Northern Way,2025-01-01,Payment/Draw,24010,First Mortgage Payable," (200,627.74)"
63,1603,565 Great Northern Way,2023-01-01,Payment/Draw,24010,First Mortgage Payable," (186,004.64)"
63,1603,565 Great Northern Way,2023-02-01,Payment/Draw,24010,First Mortgage Payable," (186,592.10)"
63,1603,565 Great Northern Way,2023-03-01,Payment/Draw,24010,First Mortgage Payable," (187,181.41)"
63,1603,565 Great Northern Way,2023-04-01,Payment/Draw,24010,First Mortgage Payable," (187,772.58)"
63,1603,565 Great Northern Way,2023-05-01,Payment/Draw,24010,First Mortgage Payable," (188,365.62)"
63,1603,565 Great Northern Way,2023-06-01,Payment/Draw,24010,First Mortgage Payable," (188,960.54)"
63,1603,565 Great Northern Way,2023-07-01,Payment/Draw,24010,First Mortgage Payable," (189,557.33)"
63,1603,565 Great Northern Way,2023-08-01,Payment/Draw,24010,First Mortgage Payable," (190,156.01)"
63,1603,565 Great Northern Way,2023-09-01,Payment/Draw,24010,First Mortgage Payable," (190,756.57)"
63,1603,565 Great Northern Way,2023-10-01,Payment/Draw,24010,First Mortgage Payable," (191,359.04)"
63,1603,565 Great Northern Way,2023-11-01,Payment/Draw,24010,First Mortgage Payable," (191,963.41)"
63,1603,565 Great Northern Way,2024-01-01,Payment/Draw,24010,First Mortgage Payable," (193,177.87)"
63,1603,565 Great Northern Way,2024-02-01,Payment/Draw,24010,First Mortgage Payable," (193,787.99)"
63,1603,565 Great Northern Way,2024-03-01,Payment/Draw,24010,First Mortgage Payable," (194,400.02)"
63,1603,565 Great Northern Way,2024-04-01,Payment/Draw,24010,First Mortgage Payable," (195,014.00)"
63,1603,565 Great Northern Way,2024-05-01,Payment/Draw,24010,First Mortgage Payable," (195,629.91)"
63,1603,565 Great Northern Way,2024-06-01,Payment/Draw,24010,First Mortgage Payable," (196,247.76)"
63,1603,565 Great Northern Way,2024-07-01,Payment/Draw,24010,First Mortgage Payable," (196,867.57)"
63,1603,565 Great Northern Way,2024-08-01,Payment/Draw,24010,First Mortgage Payable," (197,489.34)"
63,1603,565 Great Northern Way,2024-09-01,Payment/Draw,24010,First Mortgage Payable," (198,113.07)"
63,1603,565 Great Northern Way,2024-10-01,Payment/Draw,24010,First Mortgage Payable," (198,738.76)"
63,1603,565 Great Northern Way,2024-11-01,Payment/Draw,24010,First Mortgage Payable," (199,366.44)"
63,1603,565 Great Northern Way,2024-12-01,Payment/Draw,24010,First Mortgage Payable," (199,996.10)"
63,1603,565 Great Northern Way,2026-01-01,Payment/Draw,24010,First Mortgage Payable," (208,364.91)"
63,1603,565 Great Northern Way,2026-02-01,Payment/Draw,24010,First Mortgage Payable," (209,022.99)"
63,1603,565 Great Northern Way,2026-03-01,Payment/Draw,24010,First Mortgage Payable," (209,683.15)"
63,1603,565 Great Northern Way,2026-04-01,Payment/Draw,24010,First Mortgage Payable," (210,345.39)"
63,1603,565 Great Northern Way,2026-05-01,Payment/Draw,24010,First Mortgage Payable," (211,009.72)"
63,1603,565 Great Northern Way,2026-06-01,Payment/Draw,24010,First Mortgage Payable," (211,676.15)"
63,1603,565 Great Northern Way,2026-07-01,Payment/Draw,24010,First Mortgage Payable," (212,344.68)"
63,1603,565 Great Northern Way,2025-02-01,Payment/Draw,24010,First Mortgage Payable," (201,261.38)"
63,1603,565 Great Northern Way,2025-03-01,Payment/Draw,24010,First Mortgage Payable," (201,897.02)"
63,1603,565 Great Northern Way,2025-04-01,Payment/Draw,24010,First Mortgage Payable," (202,534.67)"
63,1603,565 Great Northern Way,2025-05-01,Payment/Draw,24010,First Mortgage Payable," (203,174.34)"
63,1603,565 Great Northern Way,2025-06-01,Payment/Draw,24010,First Mortgage Payable," (203,816.02)"
63,1603,565 Great Northern Way,2025-07-01,Payment/Draw,24010,First Mortgage Payable," (204,459.73)"
63,1603,565 Great Northern Way,2025-08-01,Payment/Draw,24010,First Mortgage Payable," (205,105.48)"
63,1603,565 Great Northern Way,2025-09-01,Payment/Draw,24010,First Mortgage Payable," (205,753.26)"
63,1603,565 Great Northern Way,2025-10-01,Payment/Draw,24010,First Mortgage Payable," (206,403.09)"
15,1212,152 West Hastings,2023-01-01,Payment/Draw,24010,First Mortgage Payable," (9,412.12)"
15,1212,152 West Hastings,2024-01-01,Payment/Draw,24010,First Mortgage Payable," (9,796.22)"
15,1212,152 West Hastings,2025-01-01,Payment/Draw,24010,First Mortgage Payable," (10,163.25)"
15,1212,152 West Hastings,2026-01-01,Payment/Draw,24010,First Mortgage Payable," (10,578.01)"
15,1212,152 West Hastings,2026-02-01,Payment/Draw,24010,First Mortgage Payable," (10,613.32)"
15,1212,152 West Hastings,2026-03-01,Payment/Draw,24010,First Mortgage Payable," (10,648.76)"
15,1212,152 West Hastings,2026-04-01,Payment/Draw,24010,First Mortgage Payable," (10,684.31)"
15,1212,152 West Hastings,2026-05-01,Payment/Draw,24010,First Mortgage Payable," (10,719.98)"
15,1212,152 West Hastings,2026-06-01,Payment/Draw,24010,First Mortgage Payable," (10,754.49)"
15,1212,152 West Hastings,2023-05-01,Payment/Draw,24010,First Mortgage Payable," (9,538.45)"
15,1212,152 West Hastings,2023-06-01,Payment/Draw,24010,First Mortgage Payable," (9,570.30)"
15,1212,152 West Hastings,2023-07-01,Payment/Draw,24010,First Mortgage Payable," (9,602.25)"
15,1212,152 West Hastings,2023-08-01,Payment/Draw,24010,First Mortgage Payable," (9,634.31)"
15,1212,152 West Hastings,2023-09-01,Payment/Draw,24010,First Mortgage Payable," (9,666.47)"
15,1212,152 West Hastings,2023-10-01,Payment/Draw,24010,First Mortgage Payable," (9,698.75)"
15,1212,152 West Hastings,2023-11-01,Payment/Draw,24010,First Mortgage Payable," (9,731.13)"
15,1212,152 West Hastings,2023-12-01,Payment/Draw,24010,First Mortgage Payable," (9,763.62)"
15,1212,152 West Hastings,2024-02-01,Payment/Draw,24010,First Mortgage Payable," (9,828.92)"
15,1212,152 West Hastings,2024-03-01,Payment/Draw,24010,First Mortgage Payable," (9,861.74)"
15,1212,152 West Hastings,2024-04-01,Payment/Draw,24010,First Mortgage Payable," (9,894.66)"
15,1212,152 West Hastings,2024-05-01,Payment/Draw,24010,First Mortgage Payable," (9,927.71)"
15,1212,152 West Hastings,2023-02-01,Payment/Draw,24010,First Mortgage Payable," (9,443.55)"
15,1212,152 West Hastings,2023-03-01,Payment/Draw,24010,First Mortgage Payable," (9,475.08)"
15,1212,152 West Hastings,2023-04-01,Payment/Draw,24010,First Mortgage Payable," (9,506.71)"
14,1211,112 West Hastings,2023-02-01,Payment/Draw,24010,First Mortgage Payable," (6,779.57)"
14,1211,112 West Hastings,2023-03-01,Payment/Draw,24010,First Mortgage Payable," (6,802.21)"
14,1211,112 West Hastings,2023-04-01,Payment/Draw,24010,First Mortgage Payable," (6,824.92)"
14,1211,112 West Hastings,2023-05-01,Payment/Draw,24010,First Mortgage Payable," (6,847.71)"
14,1211,112 West Hastings,2023-06-01,Payment/Draw,24010,First Mortgage Payable," (6,870.57)"
14,1211,112 West Hastings,2023-07-01,Payment/Draw,24010,First Mortgage Payable," (6,893.51)"
14,1211,112 West Hastings,2023-08-01,Payment/Draw,24010,First Mortgage Payable," (6,916.52)"
14,1211,112 West Hastings,2023-09-01,Payment/Draw,24010,First Mortgage Payable," (6,939.61)"
14,1211,112 West Hastings,2023-10-01,Payment/Draw,24010,First Mortgage Payable," (6,962.78)"
14,1211,112 West Hastings,2023-11-01,Payment/Draw,24010,First Mortgage Payable," (6,986.03)"
14,1211,112 West Hastings,2023-12-01,Payment/Draw,24010,First Mortgage Payable," (7,009.35)"
14,1211,112 West Hastings,2024-02-01,Payment/Draw,24010,First Mortgage Payable," (7,056.24)"
14,1211,112 West Hastings,2024-03-01,Payment/Draw,24010,First Mortgage Payable," (7,079.79)"
14,1211,112 West Hastings,2024-04-01,Payment/Draw,24010,First Mortgage Payable," (7,103.43)"
14,1211,112 West Hastings,2024-05-01,Payment/Draw,24010,First Mortgage Payable," (7,127.15)"
14,1211,112 West Hastings,2024-07-01,Payment/Draw,24010,First Mortgage Payable," (7,152.59)"
14,1211,112 West Hastings,2024-08-01,Payment/Draw,24010,First Mortgage Payable," (7,176.47)"
14,1211,112 West Hastings,2024-09-01,Payment/Draw,24010,First Mortgage Payable," (7,200.43)"
14,1211,112 West Hastings,2024-10-01,Payment/Draw,24010,First Mortgage Payable," (7,224.47)"
14,1211,112 West Hastings,2024-11-01,Payment/Draw,24010,First Mortgage Payable," (7,248.59)"
14,1211,112 West Hastings,2024-12-01,Payment/Draw,24010,First Mortgage Payable," (7,272.79)"
14,1211,112 West Hastings,2025-02-01,Payment/Draw,24010,First Mortgage Payable," (7,321.44)"
14,1211,112 West Hastings,2025-03-01,Payment/Draw,24010,First Mortgage Payable," (7,345.88)"
14,1211,112 West Hastings,2025-04-01,Payment/Draw,24010,First Mortgage Payable," (7,370.41)"
14,1211,112 West Hastings,2025-05-01,Payment/Draw,24010,First Mortgage Payable," (7,395.01)"
14,1211,112 West Hastings,2025-06-01,Payment/Draw,24010,First Mortgage Payable," (7,419.70)"
14,1211,112 West Hastings,2025-07-01,Payment/Draw,24010,First Mortgage Payable," (7,444.48)"
14,1211,112 West Hastings,2025-08-01,Payment/Draw,24010,First Mortgage Payable," (7,469.33)"
14,1211,112 West Hastings,2025-09-01,Payment/Draw,24010,First Mortgage Payable," (7,494.27)"
14,1211,112 West Hastings,2025-10-01,Payment/Draw,24010,First Mortgage Payable," (7,519.29)"
14,1211,112 West Hastings,2025-11-01,Payment/Draw,24010,First Mortgage Payable," (7,544.39)"
14,1211,112 West Hastings,2025-12-01,Payment/Draw,24010,First Mortgage Payable," (7,569.58)"
14,1211,112 West Hastings,2023-01-01,Payment/Draw,24010,First Mortgage Payable," (6,757.02)"
14,1211,112 West Hastings,2024-01-01,Payment/Draw,24010,First Mortgage Payable," (7,032.76)"
14,1211,112 West Hastings,2025-01-01,Payment/Draw,24010,First Mortgage Payable," (7,297.08)"
14,1211,112 West Hastings,2026-01-01,Payment/Draw,24010,First Mortgage Payable," (7,594.85)"
14,1211,112 West Hastings,2026-02-01,Payment/Draw,24010,First Mortgage Payable," (7,620.21)"
14,1211,112 West Hastings,2026-03-01,Payment/Draw,24010,First Mortgage Payable," (7,645.65)"
14,1211,112 West Hastings,2026-04-01,Payment/Draw,24010,First Mortgage Payable," (7,671.18)"
14,1211,112 West Hastings,2026-05-01,Payment/Draw,24010,First Mortgage Payable," (7,696.79)"
14,1211,112 West Hastings,2026-06-01,Payment/Draw,24010,First Mortgage Payable," (7,720.71)"
13,1210,108/110 West Hastings,2024-09-01,Payment/Draw,24010,First Mortgage Payable," (4,949.40)"
13,1210,108/110 West Hastings,2024-10-01,Payment/Draw,24010,First Mortgage Payable," (4,965.92)"
13,1210,108/110 West Hastings,2024-11-01,Payment/Draw,24010,First Mortgage Payable," (4,982.50)"
13,1210,108/110 West Hastings,2024-12-01,Payment/Draw,24010,First Mortgage Payable," (4,999.14)"
13,1210,108/110 West Hastings,2025-02-01,Payment/Draw,24010,First Mortgage Payable," (5,032.57)"
13,1210,108/110 West Hastings,2025-03-01,Payment/Draw,24010,First Mortgage Payable," (5,049.37)"
13,1210,108/110 West Hastings,2025-04-01,Payment/Draw,24010,First Mortgage Payable," (5,066.23)"
13,1210,108/110 West Hastings,2025-05-01,Payment/Draw,24010,First Mortgage Payable," (5,083.15)"
13,1210,108/110 West Hastings,2025-06-01,Payment/Draw,24010,First Mortgage Payable," (5,100.12)"
13,1210,108/110 West Hastings,2025-07-01,Payment/Draw,24010,First Mortgage Payable," (5,117.14)"
13,1210,108/110 West Hastings,2025-08-01,Payment/Draw,24010,First Mortgage Payable," (5,134.23)"
13,1210,108/110 West Hastings,2025-09-01,Payment/Draw,24010,First Mortgage Payable," (5,151.37)"
13,1210,108/110 West Hastings,2025-10-01,Payment/Draw,24010,First Mortgage Payable," (5,168.57)"
13,1210,108/110 West Hastings,2025-11-01,Payment/Draw,24010,First Mortgage Payable," (5,185.83)"
13,1210,108/110 West Hastings,2025-12-01,Payment/Draw,24010,First Mortgage Payable," (5,203.14)"
13,1210,108/110 West Hastings,2023-01-01,Payment/Draw,24010,First Mortgage Payable," (4,650.42)"
13,1210,108/110 West Hastings,2024-01-01,Payment/Draw,24010,First Mortgage Payable," (4,840.19)"
13,1210,108/110 West Hastings,2025-01-01,Payment/Draw,24010,First Mortgage Payable," (5,015.83)"
13,1210,108/110 West Hastings,2026-01-01,Payment/Draw,24010,First Mortgage Payable," (5,220.51)"
13,1210,108/110 West Hastings,2026-02-01,Payment/Draw,24010,First Mortgage Payable," (5,237.94)"
13,1210,108/110 West Hastings,2026-03-01,Payment/Draw,24010,First Mortgage Payable," (5,255.43)"
13,1210,108/110 West Hastings,2026-04-01,Payment/Draw,24010,First Mortgage Payable," (5,272.97)"
13,1210,108/110 West Hastings,2026-05-01,Payment/Draw,24010,First Mortgage Payable," (5,290.58)"
13,1210,108/110 West Hastings,2026-06-01,Payment/Draw,24010,First Mortgage Payable," (5,313.66)"
13,1210,108/110 West Hastings,2023-06-01,Payment/Draw,24010,First Mortgage Payable," (4,728.57)"
13,1210,108/110 West Hastings,2023-07-01,Payment/Draw,24010,First Mortgage Payable," (4,744.35)"
13,1210,108/110 West Hastings,2023-08-01,Payment/Draw,24010,First Mortgage Payable," (4,760.19)"
13,1210,108/110 West Hastings,2023-09-01,Payment/Draw,24010,First Mortgage Payable," (4,776.09)"
13,1210,108/110 West Hastings,2023-10-01,Payment/Draw,24010,First Mortgage Payable," (4,792.03)"
13,1210,108/110 West Hastings,2023-11-01,Payment/Draw,24010,First Mortgage Payable," (4,808.03)"
13,1210,108/110 West Hastings,2023-12-01,Payment/Draw,24010,First Mortgage Payable," (4,824.08)"
13,1210,108/110 West Hastings,2024-02-01,Payment/Draw,24010,First Mortgage Payable," (4,856.35)"
13,1210,108/110 West Hastings,2024-03-01,Payment/Draw,24010,First Mortgage Payable," (4,872.56)"
13,1210,108/110 West Hastings,2024-04-01,Payment/Draw,24010,First Mortgage Payable," (4,888.83)"
13,1210,108/110 West Hastings,2024-05-01,Payment/Draw,24010,First Mortgage Payable," (4,905.15)"
13,1210,108/110 West Hastings,2024-07-01,Payment/Draw,24010,First Mortgage Payable," (4,916.51)"
13,1210,108/110 West Hastings,2023-02-01,Payment/Draw,24010,First Mortgage Payable," (4,665.94)"
13,1210,108/110 West Hastings,2023-03-01,Payment/Draw,24010,First Mortgage Payable," (4,681.52)"
13,1210,108/110 West Hastings,2023-04-01,Payment/Draw,24010,First Mortgage Payable," (4,697.15)"
13,1210,108/110 West Hastings,2023-05-01,Payment/Draw,24010,First Mortgage Payable," (4,712.83)"
13,1210,108/110 West Hastings,2024-08-01,Payment/Draw,24010,First Mortgage Payable," (4,932.93)"
12,1209,900 Parker,2023-02-01,Payment/Draw,24010,First Mortgage Payable," (36,611.10)"
12,1209,900 Parker,2023-03-01,Payment/Draw,24010,First Mortgage Payable," (36,726.73)"
12,1209,900 Parker,2023-04-01,Payment/Draw,24010,First Mortgage Payable," (36,842.72)"
12,1209,900 Parker,2023-05-01,Payment/Draw,24010,First Mortgage Payable," (36,959.08)"
12,1209,900 Parker,2023-06-01,Payment/Draw,24010,First Mortgage Payable," (37,075.81)"
12,1209,900 Parker,2023-07-01,Payment/Draw,24010,First Mortgage Payable," (37,192.91)"
12,1209,900 Parker,2023-08-01,Payment/Draw,24010,First Mortgage Payable," (37,310.37)"
12,1209,900 Parker,2023-09-01,Payment/Draw,24010,First Mortgage Payable," (37,428.21)"
12,1209,900 Parker,2023-10-01,Payment/Draw,24010,First Mortgage Payable," (37,546.42)"
12,1209,900 Parker,2023-11-01,Payment/Draw,24010,First Mortgage Payable," (37,665.00)"
12,1209,900 Parker,2023-12-01,Payment/Draw,24010,First Mortgage Payable," (37,783.96)"
12,1209,900 Parker,2024-02-01,Payment/Draw,24010,First Mortgage Payable," (38,023.00)"
12,1209,900 Parker,2024-03-01,Payment/Draw,24010,First Mortgage Payable," (38,143.09)"
12,1209,900 Parker,2024-04-01,Payment/Draw,24010,First Mortgage Payable," (38,263.55)"
12,1209,900 Parker,2024-05-01,Payment/Draw,24010,First Mortgage Payable," (38,384.40)"
12,1209,900 Parker,2024-06-01,Payment/Draw,24010,First Mortgage Payable," (38,505.63)"
12,1209,900 Parker,2024-07-01,Payment/Draw,24010,First Mortgage Payable," (38,627.24)"
12,1209,900 Parker,2024-08-01,Payment/Draw,24010,First Mortgage Payable," (38,749.24)"
12,1209,900 Parker,2024-09-01,Payment/Draw,24010,First Mortgage Payable," (38,871.62)"
12,1209,900 Parker,2024-10-01,Payment/Draw,24010,First Mortgage Payable," (38,994.39)"
12,1209,900 Parker,2024-11-01,Payment/Draw,24010,First Mortgage Payable," (39,117.54)"
12,1209,900 Parker,2024-12-01,Payment/Draw,24010,First Mortgage Payable," (39,241.09)"
12,1209,900 Parker,2025-02-01,Payment/Draw,24010,First Mortgage Payable," (39,489.35)"
12,1209,900 Parker,2025-03-01,Payment/Draw,24010,First Mortgage Payable," (39,614.07)"
12,1209,900 Parker,2025-04-01,Payment/Draw,24010,First Mortgage Payable," (39,739.18)"
12,1209,900 Parker,2025-05-01,Payment/Draw,24010,First Mortgage Payable," (39,864.69)"
12,1209,900 Parker,2025-06-01,Payment/Draw,24010,First Mortgage Payable," (39,990.59)"
12,1209,900 Parker,2025-07-01,Payment/Draw,24010,First Mortgage Payable," (40,116.90)"
12,1209,900 Parker,2025-08-01,Payment/Draw,24010,First Mortgage Payable," (40,243.60)"
12,1209,900 Parker,2025-09-01,Payment/Draw,24010,First Mortgage Payable," (40,370.70)"
12,1209,900 Parker,2025-10-01,Payment/Draw,24010,First Mortgage Payable," (40,498.20)"
12,1209,900 Parker,2025-11-01,Payment/Draw,24010,First Mortgage Payable," (40,626.10)"
12,1209,900 Parker,2025-12-01,Payment/Draw,24010,First Mortgage Payable," (40,754.41)"
12,1209,900 Parker,2023-01-01,Payment/Draw,24010,First Mortgage Payable," (36,495.84)"
12,1209,900 Parker,2024-01-01,Payment/Draw,24010,First Mortgage Payable," (37,903.29)"
12,1209,900 Parker,2025-01-01,Payment/Draw,24010,First Mortgage Payable," (39,365.02)"
12,1209,900 Parker,2026-01-01,Payment/Draw,24010,First Mortgage Payable," (40,883.13)"
12,1209,900 Parker,2026-02-01,Payment/Draw,24010,First Mortgage Payable," (41,012.25)"
12,1209,900 Parker,2026-03-01,Payment/Draw,24010,First Mortgage Payable," (41,141.78)"
12,1209,900 Parker,2026-04-01,Payment/Draw,24010,First Mortgage Payable," (41,271.72)"
12,1209,900 Parker,2026-05-01,Payment/Draw,24010,First Mortgage Payable," (41,402.06)"
12,1209,900 Parker,2026-06-01,Payment/Draw,24010,First Mortgage Payable," (41,532.82)"
12,1209,900 Parker,2026-07-01,Payment/Draw,24010,First Mortgage Payable," (41,664.00)"
12,1209,900 Parker,2026-08-01,Payment/Draw,24010,First Mortgage Payable," (41,795.58)"
21,1304,1770 West 7th,2024-01-01,Payment/Draw,24010,First Mortgage Payable," (63,772.24)"
21,1304,1770 West 7th,2025-01-01,Payment/Draw,24010,First Mortgage Payable," (65,654.45)"
21,1304,1770 West 7th,2026-01-01,Payment/Draw,24010,First Mortgage Payable," (67,592.22)"
21,1304,1770 West 7th,2026-02-01,Payment/Draw,24010,First Mortgage Payable," (67,756.26)"
21,1304,1770 West 7th,2026-03-01,Payment/Draw,24010,First Mortgage Payable," (67,920.69)"
21,1304,1770 West 7th,2026-04-01,Payment/Draw,24010,First Mortgage Payable," (68,085.53)"
21,1304,1770 West 7th,2026-05-01,Payment/Draw,24010,First Mortgage Payable," (68,250.77)"
21,1304,1770 West 7th,2026-06-01,Payment/Draw,24010,First Mortgage Payable," (68,416.40)"
21,1304,1770 West 7th,2026-07-01,Payment/Draw,24010,First Mortgage Payable," (68,582.44)"
21,1304,1770 West 7th,2023-02-01,Payment/Draw,24010,First Mortgage Payable," (62,094.32)"
19,1302,123 West 7th,2025-04-01,Payment/Draw,24010,First Mortgage Payable," (37,403.83)"
19,1302,123 West 7th,2025-05-01,Payment/Draw,24010,First Mortgage Payable," 1,021,322.17 "
19,1302,123 West 7th,2023-01-01,Payment/Draw,24010,First Mortgage Payable," (34,451.35)"
19,1302,123 West 7th,2024-01-01,Payment/Draw,24010,First Mortgage Payable," (35,734.58)"
19,1302,123 West 7th,2025-01-01,Payment/Draw,24010,First Mortgage Payable," (37,059.44)"
19,1302,123 West 7th,2023-02-01,Payment/Draw,24010,First Mortgage Payable," (34,554.14)"
19,1302,123 West 7th,2023-03-01,Payment/Draw,24010,First Mortgage Payable," (38,825.67)"
19,1302,123 West 7th,2023-04-01,Payment/Draw,24010,First Mortgage Payable," (34,773.08)"
19,1302,123 West 7th,2023-05-01,Payment/Draw,24010,First Mortgage Payable," (36,259.22)"
19,1302,123 West 7th,2023-06-01,Payment/Draw,24010,First Mortgage Payable," (34,985.01)"
19,1302,123 West 7th,2023-07-01,Payment/Draw,24010,First Mortgage Payable," (36,464.93)"
19,1302,123 West 7th,2023-08-01,Payment/Draw,24010,First Mortgage Payable," (35,198.20)"
19,1302,123 West 7th,2023-09-01,Payment/Draw,24010,First Mortgage Payable," (35,303.21)"
19,1302,123 West 7th,2023-10-01,Payment/Draw,24010,First Mortgage Payable," (36,773.79)"
19,1302,123 West 7th,2023-11-01,Payment/Draw,24010,First Mortgage Payable," (35,518.27)"
19,1302,123 West 7th,2023-12-01,Payment/Draw,24010,First Mortgage Payable," (36,982.52)"
19,1302,123 West 7th,2024-02-01,Payment/Draw,24010,First Mortgage Payable," (35,841.20)"
19,1302,123 West 7th,2024-03-01,Payment/Draw,24010,First Mortgage Payable," (38,643.81)"
19,1302,123 West 7th,2024-04-01,Payment/Draw,24010,First Mortgage Payable," (36,063.44)"
19,1302,123 West 7th,2024-05-01,Payment/Draw,24010,First Mortgage Payable," (37,491.75)"
19,1302,123 West 7th,2024-06-01,Payment/Draw,24010,First Mortgage Payable," (36,282.96)"
19,1302,123 West 7th,2024-07-01,Payment/Draw,24010,First Mortgage Payable," (37,724.70)"
19,1302,123 West 7th,2024-08-01,Payment/Draw,24010,First Mortgage Payable," (36,503.71)"
19,1302,123 West 7th,2024-09-01,Payment/Draw,24010,First Mortgage Payable," (36,612.63)"
19,1302,123 West 7th,2024-10-01,Payment/Draw,24010,First Mortgage Payable," (38,044.74)"
19,1302,123 West 7th,2024-11-01,Payment/Draw,24010,First Mortgage Payable," (36,835.38)"
19,1302,123 West 7th,2024-12-01,Payment/Draw,24010,First Mortgage Payable," (38,260.95)"
19,1302,123 West 7th,2025-02-01,Payment/Draw,24010,First Mortgage Payable," (37,170.01)"
18,1301,2450 Ontario,2025-05-01,Payment/Draw,24010,First Mortgage Payable," 10,334,524.85 "
18,1301,2450 Ontario,2023-01-01,Payment/Draw,24010,First Mortgage Payable," (23,337.82)"
18,1301,2450 Ontario,2024-01-01,Payment/Draw,24010,First Mortgage Payable," (24,128.56)"
18,1301,2450 Ontario,2025-01-01,Payment/Draw,24010,First Mortgage Payable," (24,946.09)"
18,1301,2450 Ontario,2023-02-01,Payment/Draw,24010,First Mortgage Payable," (23,402.71)"
18,1301,2450 Ontario,2023-03-01,Payment/Draw,24010,First Mortgage Payable," (23,467.79)"
18,1301,2450 Ontario,2023-04-01,Payment/Draw,24010,First Mortgage Payable," (23,533.04)"
18,1301,2450 Ontario,2023-05-01,Payment/Draw,24010,First Mortgage Payable," (23,598.48)"
18,1301,2450 Ontario,2023-06-01,Payment/Draw,24010,First Mortgage Payable," (23,664.09)"
18,1301,2450 Ontario,2023-07-01,Payment/Draw,24010,First Mortgage Payable," (23,729.90)"
18,1301,2450 Ontario,2023-08-01,Payment/Draw,24010,First Mortgage Payable," (23,795.88)"
18,1301,2450 Ontario,2023-09-01,Payment/Draw,24010,First Mortgage Payable," (23,862.05)"
18,1301,2450 Ontario,2023-10-01,Payment/Draw,24010,First Mortgage Payable," (23,928.40)"
18,1301,2450 Ontario,2023-11-01,Payment/Draw,24010,First Mortgage Payable," (23,994.93)"
18,1301,2450 Ontario,2023-12-01,Payment/Draw,24010,First Mortgage Payable," (24,061.65)"
18,1301,2450 Ontario,2024-02-01,Payment/Draw,24010,First Mortgage Payable," (24,195.65)"
18,1301,2450 Ontario,2024-03-01,Payment/Draw,24010,First Mortgage Payable," (24,262.93)"
18,1301,2450 Ontario,2024-04-01,Payment/Draw,24010,First Mortgage Payable," (24,330.39)"
18,1301,2450 Ontario,2024-05-01,Payment/Draw,24010,First Mortgage Payable," (24,398.05)"
18,1301,2450 Ontario,2024-06-01,Payment/Draw,24010,First Mortgage Payable," (24,465.89)"
18,1301,2450 Ontario,2024-07-01,Payment/Draw,24010,First Mortgage Payable," (24,533.92)"
18,1301,2450 Ontario,2024-08-01,Payment/Draw,24010,First Mortgage Payable," (24,602.14)"
18,1301,2450 Ontario,2024-09-01,Payment/Draw,24010,First Mortgage Payable," (24,670.54)"
18,1301,2450 Ontario,2024-10-01,Payment/Draw,24010,First Mortgage Payable," (24,739.14)"
18,1301,2450 Ontario,2024-11-01,Payment/Draw,24010,First Mortgage Payable," (24,807.93)"
18,1301,2450 Ontario,2024-12-01,Payment/Draw,24010,First Mortgage Payable," (24,876.91)"
18,1301,2450 Ontario,2025-02-01,Payment/Draw,24010,First Mortgage Payable," (25,015.45)"
18,1301,2450 Ontario,2025-03-01,Payment/Draw,24010,First Mortgage Payable," (25,085.01)"
17,1104,21 Water,2025-03-01,Payment/Draw,24010,First Mortgage Payable," (50,979.54)"
17,1104,21 Water,2025-04-01,Payment/Draw,24010,First Mortgage Payable," (51,149.74)"
17,1104,21 Water,2025-05-01,Payment/Draw,24010,First Mortgage Payable," (51,320.51)"
17,1104,21 Water,2025-06-01,Payment/Draw,24010,First Mortgage Payable," (51,491.85)"
17,1104,21 Water,2025-07-01,Payment/Draw,24010,First Mortgage Payable," (51,663.77)"
17,1104,21 Water,2025-08-01,Payment/Draw,24010,First Mortgage Payable," (51,836.26)"
17,1104,21 Water,2025-09-01,Payment/Draw,24010,First Mortgage Payable," (52,009.32)"
17,1104,21 Water,2025-10-01,Payment/Draw,24010,First Mortgage Payable," (52,182.96)"
17,1104,21 Water,2025-11-01,Payment/Draw,24010,First Mortgage Payable," (52,357.19)"
17,1104,21 Water,2025-12-01,Payment/Draw,24010,First Mortgage Payable," (52,531.99)"
17,1104,21 Water,2023-01-01,Payment/Draw,24010,First Mortgage Payable," (46,901.63)"
17,1104,21 Water,2024-01-01,Payment/Draw,24010,First Mortgage Payable," (48,815.60)"
17,1104,21 Water,2025-01-01,Payment/Draw,24010,First Mortgage Payable," (50,640.83)"
17,1104,21 Water,2026-01-01,Payment/Draw,24010,First Mortgage Payable," (52,707.38)"
17,1104,21 Water,2026-02-01,Payment/Draw,24010,First Mortgage Payable," (52,883.35)"
17,1104,21 Water,2026-06-01,Payment/Draw,24010,First Mortgage Payable," (53,590.77)"
17,1104,21 Water,2026-05-01,Payment/Draw,24010,First Mortgage Payable," (53,414.80)"
17,1104,21 Water,2026-04-01,Payment/Draw,24010,First Mortgage Payable," (53,237.06)"
17,1104,21 Water,2026-03-01,Payment/Draw,24010,First Mortgage Payable," (53,059.91)"
17,1104,21 Water,2023-02-01,Payment/Draw,24010,First Mortgage Payable," (47,058.22)"
17,1104,21 Water,2023-03-01,Payment/Draw,24010,First Mortgage Payable," (47,215.33)"
17,1104,21 Water,2023-04-01,Payment/Draw,24010,First Mortgage Payable," (47,372.97)"
17,1104,21 Water,2023-05-01,Payment/Draw,24010,First Mortgage Payable," (47,531.13)"
17,1104,21 Water,2023-06-01,Payment/Draw,24010,First Mortgage Payable," (47,689.83)"
17,1104,21 Water,2023-07-01,Payment/Draw,24010,First Mortgage Payable," (47,849.05)"
17,1104,21 Water,2023-08-01,Payment/Draw,24010,First Mortgage Payable," (48,008.80)"
17,1104,21 Water,2023-09-01,Payment/Draw,24010,First Mortgage Payable," (48,169.08)"
17,1104,21 Water,2023-10-01,Payment/Draw,24010,First Mortgage Payable," (48,329.91)"
17,1104,21 Water,2023-11-01,Payment/Draw,24010,First Mortgage Payable," (48,491.26)"
17,1104,21 Water,2023-12-01,Payment/Draw,24010,First Mortgage Payable," (48,653.16)"
17,1104,21 Water,2024-02-01,Payment/Draw,24010,First Mortgage Payable," (48,978.57)"
17,1104,21 Water,2024-03-01,Payment/Draw,24010,First Mortgage Payable," (49,142.10)"
17,1104,21 Water,2024-04-01,Payment/Draw,24010,First Mortgage Payable," (49,306.17)"
17,1104,21 Water,2024-05-01,Payment/Draw,24010,First Mortgage Payable," (49,470.78)"
17,1104,21 Water,2024-07-01,Payment/Draw,24010,First Mortgage Payable," (49,638.14)"
17,1104,21 Water,2024-08-01,Payment/Draw,24010,First Mortgage Payable," (49,803.86)"
17,1104,21 Water,2024-09-01,Payment/Draw,24010,First Mortgage Payable," (49,970.14)"
17,1104,21 Water,2024-10-01,Payment/Draw,24010,First Mortgage Payable," (50,136.97)"
17,1104,21 Water,2024-11-01,Payment/Draw,24010,First Mortgage Payable," (50,304.36)"
17,1104,21 Water,2024-12-01,Payment/Draw,24010,First Mortgage Payable," (50,472.32)"
17,1104,21 Water,2025-02-01,Payment/Draw,24010,First Mortgage Payable," (50,809.90)"
15,1212,152 West Hastings,2024-08-01,Payment/Draw,24010,First Mortgage Payable," (9,995.29)"
15,1212,152 West Hastings,2024-09-01,Payment/Draw,24010,First Mortgage Payable," (10,028.66)"
15,1212,152 West Hastings,2024-10-01,Payment/Draw,24010,First Mortgage Payable," (10,062.15)"
15,1212,152 West Hastings,2024-11-01,Payment/Draw,24010,First Mortgage Payable," (10,095.74)"
15,1212,152 West Hastings,2024-12-01,Payment/Draw,24010,First Mortgage Payable," (10,129.44)"
15,1212,152 West Hastings,2025-02-01,Payment/Draw,24010,First Mortgage Payable," (10,197.19)"
15,1212,152 West Hastings,2025-03-01,Payment/Draw,24010,First Mortgage Payable," (10,231.24)"
15,1212,152 West Hastings,2025-04-01,Payment/Draw,24010,First Mortgage Payable," (10,265.40)"
15,1212,152 West Hastings,2025-05-01,Payment/Draw,24010,First Mortgage Payable," (10,299.67)"
15,1212,152 West Hastings,2025-06-01,Payment/Draw,24010,First Mortgage Payable," (10,334.06)"
15,1212,152 West Hastings,2025-07-01,Payment/Draw,24010,First Mortgage Payable," (10,368.56)"
15,1212,152 West Hastings,2025-08-01,Payment/Draw,24010,First Mortgage Payable," (10,403.18)"
15,1212,152 West Hastings,2025-09-01,Payment/Draw,24010,First Mortgage Payable," (10,437.91)"
15,1212,152 West Hastings,2025-10-01,Payment/Draw,24010,First Mortgage Payable," (10,472.76)"
15,1212,152 West Hastings,2025-11-01,Payment/Draw,24010,First Mortgage Payable," (10,507.72)"
15,1212,152 West Hastings,2025-12-01,Payment/Draw,24010,First Mortgage Payable," (10,542.81)"
25,1401,1618 Station,2023-01-01,Payment/Draw,24010,First Mortgage Payable," (58,027.39)"
25,1401,1618 Station,2024-01-01,Payment/Draw,24010,First Mortgage Payable," (60,386.49)"
25,1401,1618 Station,2023-09-01,Payment/Draw,24010,First Mortgage Payable," (59,589.65)"
25,1401,1618 Station,2023-10-01,Payment/Draw,24010,First Mortgage Payable," (59,787.87)"
25,1401,1618 Station,2023-11-01,Payment/Draw,24010,First Mortgage Payable," (59,986.75)"
25,1401,1618 Station,2023-12-01,Payment/Draw,24010,First Mortgage Payable," (60,186.29)"
25,1401,1618 Station,2024-02-01,Payment/Draw,24010,First Mortgage Payable," (60,587.36)"
25,1401,1618 Station,2024-03-01,Payment/Draw,24010,First Mortgage Payable," (60,788.89)"
25,1401,1618 Station,2024-04-01,Payment/Draw,24010,First Mortgage Payable," (60,991.10)"
25,1401,1618 Station,2024-05-01,Payment/Draw,24010,First Mortgage Payable," (61,193.95)"
25,1401,1618 Station,2024-06-01,Payment/Draw,24010,First Mortgage Payable," (61,397.54)"
25,1401,1618 Station,2024-07-01,Payment/Draw,24010,First Mortgage Payable," (61,601.77)"
25,1401,1618 Station,2024-08-01,Payment/Draw,24010,First Mortgage Payable," (61,806.68)"
25,1401,1618 Station,2024-09-01,Payment/Draw,24010,First Mortgage Payable," (62,012.27)"
25,1401,1618 Station,2024-10-01,Payment/Draw,24010,First Mortgage Payable," (62,218.55)"
25,1401,1618 Station,2024-11-01,Payment/Draw,24010,First Mortgage Payable," (62,425.51)"
25,1401,1618 Station,2024-12-01,Payment/Draw,24010,First Mortgage Payable," 11,148,796.47 "
25,1401,1618 Station,2023-02-01,Payment/Draw,24010,First Mortgage Payable," (58,220.41)"
25,1401,1618 Station,2023-03-01,Payment/Draw,24010,First Mortgage Payable," (58,414.07)"
25,1401,1618 Station,2023-04-01,Payment/Draw,24010,First Mortgage Payable," (58,608.38)"
25,1401,1618 Station,2023-05-01,Payment/Draw,24010,First Mortgage Payable," (58,803.33)"
25,1401,1618 Station,2023-06-01,Payment/Draw,24010,First Mortgage Payable," (58,998.93)"
25,1401,1618 Station,2023-07-01,Payment/Draw,24010,First Mortgage Payable," (59,195.19)"
25,1401,1618 Station,2023-08-01,Payment/Draw,24010,First Mortgage Payable," (59,392.09)"
21,1304,1770 West 7th,2023-04-01,Payment/Draw,24010,First Mortgage Payable," (62,396.07)"
21,1304,1770 West 7th,2023-05-01,Payment/Draw,24010,First Mortgage Payable," (62,547.50)"
21,1304,1770 West 7th,2023-06-01,Payment/Draw,24010,First Mortgage Payable," (62,699.30)"
21,1304,1770 West 7th,2023-07-01,Payment/Draw,24010,First Mortgage Payable," (62,851.46)"
21,1304,1770 West 7th,2023-08-01,Payment/Draw,24010,First Mortgage Payable," (63,004.00)"
21,1304,1770 West 7th,2023-09-01,Payment/Draw,24010,First Mortgage Payable," (63,156.90)"
21,1304,1770 West 7th,2023-10-01,Payment/Draw,24010,First Mortgage Payable," (63,310.18)"
21,1304,1770 West 7th,2023-11-01,Payment/Draw,24010,First Mortgage Payable," (63,463.82)"
21,1304,1770 West 7th,2023-12-01,Payment/Draw,24010,First Mortgage Payable," (63,617.84)"
21,1304,1770 West 7th,2024-02-01,Payment/Draw,24010,First Mortgage Payable," (63,927.01)"
21,1304,1770 West 7th,2024-03-01,Payment/Draw,24010,First Mortgage Payable," (64,082.15)"
21,1304,1770 West 7th,2024-04-01,Payment/Draw,24010,First Mortgage Payable," (64,237.67)"
21,1304,1770 West 7th,2024-05-01,Payment/Draw,24010,First Mortgage Payable," (64,393.57)"
21,1304,1770 West 7th,2024-06-01,Payment/Draw,24010,First Mortgage Payable," (64,549.85)"
21,1304,1770 West 7th,2024-07-01,Payment/Draw,24010,First Mortgage Payable," (64,706.50)"
21,1304,1770 West 7th,2024-08-01,Payment/Draw,24010,First Mortgage Payable," (64,863.54)"
21,1304,1770 West 7th,2024-09-01,Payment/Draw,24010,First Mortgage Payable," (65,020.95)"
21,1304,1770 West 7th,2024-10-01,Payment/Draw,24010,First Mortgage Payable," (65,178.75)"
21,1304,1770 West 7th,2024-11-01,Payment/Draw,24010,First Mortgage Payable," (65,336.93)"
21,1304,1770 West 7th,2024-12-01,Payment/Draw,24010,First Mortgage Payable," (65,495.50)"
21,1304,1770 West 7th,2025-02-01,Payment/Draw,24010,First Mortgage Payable," (65,813.79)"
21,1304,1770 West 7th,2025-03-01,Payment/Draw,24010,First Mortgage Payable," (65,973.51)"
21,1304,1770 West 7th,2025-04-01,Payment/Draw,24010,First Mortgage Payable," (66,133.62)"
21,1304,1770 West 7th,2025-05-01,Payment/Draw,24010,First Mortgage Payable," (66,294.12)"
21,1304,1770 West 7th,2025-06-01,Payment/Draw,24010,First Mortgage Payable," (66,455.01)"
21,1304,1770 West 7th,2025-07-01,Payment/Draw,24010,First Mortgage Payable," (66,616.29)"
21,1304,1770 West 7th,2025-08-01,Payment/Draw,24010,First Mortgage Payable," (66,777.96)"
21,1304,1770 West 7th,2025-09-01,Payment/Draw,24010,First Mortgage Payable," (66,940.02)"
21,1304,1770 West 7th,2025-10-01,Payment/Draw,24010,First Mortgage Payable," (67,102.48)"
21,1304,1770 West 7th,2025-11-01,Payment/Draw,24010,First Mortgage Payable," (67,265.33)"
21,1304,1770 West 7th,2025-12-01,Payment/Draw,24010,First Mortgage Payable," (67,428.58)"
21,1304,1770 West 7th,2023-01-01,Payment/Draw,24010,First Mortgage Payable," (61,943.98)"
36,1507,1712 Powell,2024-09-01,Payment/Draw,24010,First Mortgage Payable," (11,082.98)"
36,1507,1712 Powell,2024-10-01,Payment/Draw,24010,First Mortgage Payable," (11,414.62)"
36,1507,1712 Powell,2024-11-01,Payment/Draw,24010,First Mortgage Payable," (11,134.89)"
36,1507,1712 Powell,2024-12-01,Payment/Draw,24010,First Mortgage Payable," (11,464.97)"
36,1507,1712 Powell,2025-02-01,Payment/Draw,24010,First Mortgage Payable," (11,187.15)"
36,1507,1712 Powell,2025-03-01,Payment/Draw,24010,First Mortgage Payable," (12,121.05)"
36,1507,1712 Powell,2025-04-01,Payment/Draw,24010,First Mortgage Payable," (11,241.09)"
36,1507,1712 Powell,2025-05-01,Payment/Draw,24010,First Mortgage Payable," (11,568.04)"
36,1507,1712 Powell,2025-06-01,Payment/Draw,24010,First Mortgage Payable," (11,293.87)"
36,1507,1712 Powell,2025-07-01,Payment/Draw,24010,First Mortgage Payable," (11,619.24)"
36,1507,1712 Powell,2025-08-01,Payment/Draw,24010,First Mortgage Payable," (11,346.89)"
36,1507,1712 Powell,2025-09-01,Payment/Draw,24010,First Mortgage Payable," (11,373.14)"
36,1507,1712 Powell,2025-10-01,Payment/Draw,24010,First Mortgage Payable," (11,696.13)"
36,1507,1712 Powell,2025-11-01,Payment/Draw,24010,First Mortgage Payable," (11,426.53)"
36,1507,1712 Powell,2025-12-01,Payment/Draw,24010,First Mortgage Payable," (11,747.91)"
36,1507,1712 Powell,2023-01-01,Payment/Draw,24010,First Mortgage Payable," (10,549.13)"
36,1507,1712 Powell,2024-01-01,Payment/Draw,24010,First Mortgage Payable," (10,851.07)"
36,1507,1712 Powell,2025-01-01,Payment/Draw,24010,First Mortgage Payable," (11,187.05)"
36,1507,1712 Powell,2026-01-01,Payment/Draw,24010,First Mortgage Payable," (11,480.15)"
36,1507,1712 Powell,2026-02-01,Payment/Draw,24010,First Mortgage Payable," (11,506.72)"
36,1507,1712 Powell,2026-03-01,Payment/Draw,24010,First Mortgage Payable," (12,410.32)"
36,1507,1712 Powell,2026-04-01,Payment/Draw,24010,First Mortgage Payable," (11,562.06)"
36,1507,1712 Powell,2026-05-01,Payment/Draw,24010,First Mortgage Payable," (11,879.37)"
36,1507,1712 Powell,2026-06-01,Payment/Draw,24010,First Mortgage Payable," (11,616.31)"
36,1507,1712 Powell,2026-07-01,Payment/Draw,24010,First Mortgage Payable," (11,931.99)"
36,1507,1712 Powell,2026-08-01,Payment/Draw,24010,First Mortgage Payable," (11,670.80)"
30,1501,882 East Cordova,2023-02-01,Payment/Draw,24010,First Mortgage Payable," (12,863.93)"
30,1501,882 East Cordova,2023-03-01,Payment/Draw,24010,First Mortgage Payable," (14,043.28)"
30,1501,882 East Cordova,2023-04-01,Payment/Draw,24010,First Mortgage Payable," (12,915.11)"
30,1501,882 East Cordova,2023-05-01,Payment/Draw,24010,First Mortgage Payable," (13,323.00)"
30,1501,882 East Cordova,2023-06-01,Payment/Draw,24010,First Mortgage Payable," (12,965.01)"
30,1501,882 East Cordova,2023-07-01,Payment/Draw,24010,First Mortgage Payable," (13,371.39)"
30,1501,882 East Cordova,2023-08-01,Payment/Draw,24010,First Mortgage Payable," (13,015.11)"
30,1501,882 East Cordova,2023-09-01,Payment/Draw,24010,First Mortgage Payable," (13,039.86)"
30,1501,882 East Cordova,2023-10-01,Payment/Draw,24010,First Mortgage Payable," (13,443.96)"
30,1501,882 East Cordova,2023-11-01,Payment/Draw,24010,First Mortgage Payable," (13,090.24)"
30,1501,882 East Cordova,2023-12-01,Payment/Draw,24010,First Mortgage Payable," (13,492.80)"
30,1501,882 East Cordova,2024-02-01,Payment/Draw,24010,First Mortgage Payable," (13,197.65)"
30,1501,882 East Cordova,2024-03-01,Payment/Draw,24010,First Mortgage Payable," (13,971.04)"
30,1501,882 East Cordova,2024-04-01,Payment/Draw,24010,First Mortgage Payable," (13,249.18)"
30,1501,882 East Cordova,2024-05-01,Payment/Draw,24010,First Mortgage Payable," (13,646.84)"
30,1501,882 East Cordova,2024-06-01,Payment/Draw,24010,First Mortgage Payable," (13,300.20)"
30,1501,882 East Cordova,2024-07-01,Payment/Draw,24010,First Mortgage Payable," (13,696.31)"
30,1501,882 East Cordova,2024-08-01,Payment/Draw,24010,First Mortgage Payable," (13,351.41)"
30,1501,882 East Cordova,2024-09-01,Payment/Draw,24010,First Mortgage Payable," (13,376.74)"
30,1501,882 East Cordova,2024-10-01,Payment/Draw,24010,First Mortgage Payable," (13,770.51)"
30,1501,882 East Cordova,2024-11-01,Payment/Draw,24010,First Mortgage Payable," (13,428.23)"
30,1501,882 East Cordova,2024-12-01,Payment/Draw,24010,First Mortgage Payable," (13,820.44)"
30,1501,882 East Cordova,2025-02-01,Payment/Draw,24010,First Mortgage Payable," (13,474.48)"
30,1501,882 East Cordova,2025-03-01,Payment/Draw,24010,First Mortgage Payable," (14,595.75)"
30,1501,882 East Cordova,2025-04-01,Payment/Draw,24010,First Mortgage Payable," (13,527.88)"
30,1501,882 East Cordova,2025-05-01,Payment/Draw,24010,First Mortgage Payable," (13,917.12)"
30,1501,882 East Cordova,2025-06-01,Payment/Draw,24010,First Mortgage Payable," (13,580.08)"
30,1501,882 East Cordova,2025-07-01,Payment/Draw,24010,First Mortgage Payable," (13,967.73)"
30,1501,882 East Cordova,2025-08-01,Payment/Draw,24010,First Mortgage Payable," (13,632.48)"
30,1501,882 East Cordova,2025-09-01,Payment/Draw,24010,First Mortgage Payable," (13,658.41)"
30,1501,882 East Cordova,2025-10-01,Payment/Draw,24010,First Mortgage Payable," (14,043.67)"
30,1501,882 East Cordova,2025-11-01,Payment/Draw,24010,First Mortgage Payable," (13,711.10)"
30,1501,882 East Cordova,2025-12-01,Payment/Draw,24010,First Mortgage Payable," (14,094.76)"
30,1501,882 East Cordova,2023-01-01,Payment/Draw,24010,First Mortgage Payable," (12,839.50)"
30,1501,882 East Cordova,2024-01-01,Payment/Draw,24010,First Mortgage Payable," (13,140.80)"
30,1501,882 East Cordova,2025-01-01,Payment/Draw,24010,First Mortgage Payable," (13,479.92)"
30,1501,882 East Cordova,2026-01-01,Payment/Draw,24010,First Mortgage Payable," (13,763.99)"
30,1501,882 East Cordova,2026-02-01,Payment/Draw,24010,First Mortgage Payable," (13,790.17)"
30,1501,882 East Cordova,2026-03-01,Payment/Draw,24010,First Mortgage Payable," (14,881.40)"
30,1501,882 East Cordova,2026-04-01,Payment/Draw,24010,First Mortgage Payable," (13,844.71)"
30,1501,882 East Cordova,2026-05-01,Payment/Draw,24010,First Mortgage Payable," (14,224.30)"
30,1501,882 East Cordova,2026-06-01,Payment/Draw,24010,First Mortgage Payable," (13,898.10)"
30,1501,882 East Cordova,2026-07-01,Payment/Draw,24010,First Mortgage Payable," (5,723,930.51)"
28,1404,3157 Grandview,2023-01-01,Payment/Draw,24010,First Mortgage Payable," (15,974.62)"
28,1404,3157 Grandview,2023-05-01,Payment/Draw,24010,First Mortgage Payable," (16,115.95)"
28,1404,3157 Grandview,2023-06-01,Payment/Draw,24010,First Mortgage Payable," (16,151.48)"
28,1404,3157 Grandview,2023-07-01,Payment/Draw,24010,First Mortgage Payable," (16,187.08)"
28,1404,3157 Grandview,2023-08-01,Payment/Draw,24010,First Mortgage Payable," (4,534,260.96)"
28,1404,3157 Grandview,2023-02-01,Payment/Draw,24010,First Mortgage Payable," (16,009.83)"
28,1404,3157 Grandview,2023-03-01,Payment/Draw,24010,First Mortgage Payable," (16,045.13)"
28,1404,3157 Grandview,2023-04-01,Payment/Draw,24010,First Mortgage Payable," (16,080.50)"
70,1701,727 East 17th - Funding Entity,2024-06-01,Payment/Draw,24010,First Mortgage Payable," (30,242.12)"
70,1701,727 East 17th - Funding Entity,2024-07-01,Payment/Draw,24010,First Mortgage Payable," (30,319.25)"
70,1701,727 East 17th - Funding Entity,2024-08-01,Payment/Draw,24010,First Mortgage Payable," (30,396.57)"
70,1701,727 East 17th - Funding Entity,2024-09-01,Payment/Draw,24010,First Mortgage Payable," (30,474.10)"
70,1701,727 East 17th - Funding Entity,2024-10-01,Payment/Draw,24010,First Mortgage Payable," (30,551.82)"
70,1701,727 East 17th - Funding Entity,2024-11-01,Payment/Draw,24010,First Mortgage Payable," (30,629.73)"
70,1701,727 East 17th - Funding Entity,2024-12-01,Payment/Draw,24010,First Mortgage Payable," (30,707.85)"
70,1701,727 East 17th - Funding Entity,2026-01-01,Payment/Draw,24010,First Mortgage Payable," (8,374,009.43)"
70,1701,727 East 17th - Funding Entity,2025-02-01,Payment/Draw,24010,First Mortgage Payable," (30,864.68)"
70,1701,727 East 17th - Funding Entity,2025-03-01,Payment/Draw,24010,First Mortgage Payable," (30,943.40)"
70,1701,727 East 17th - Funding Entity,2025-04-01,Payment/Draw,24010,First Mortgage Payable," (31,022.31)"
70,1701,727 East 17th - Funding Entity,2025-05-01,Payment/Draw,24010,First Mortgage Payable," (31,101.43)"
70,1701,727 East 17th - Funding Entity,2025-06-01,Payment/Draw,24010,First Mortgage Payable," (31,180.75)"
70,1701,727 East 17th - Funding Entity,2025-07-01,Payment/Draw,24010,First Mortgage Payable," (31,260.27)"
70,1701,727 East 17th - Funding Entity,2025-08-01,Payment/Draw,24010,First Mortgage Payable," (31,340.00)"
70,1701,727 East 17th - Funding Entity,2025-09-01,Payment/Draw,24010,First Mortgage Payable," (31,419.92)"
70,1701,727 East 17th - Funding Entity,2025-10-01,Payment/Draw,24010,First Mortgage Payable," (31,500.06)"
70,1701,727 East 17th - Funding Entity,2025-11-01,Payment/Draw,24010,First Mortgage Payable," (31,580.39)"
70,1701,727 East 17th - Funding Entity,2025-12-01,Payment/Draw,24010,First Mortgage Payable," (31,660.93)"
70,1701,727 East 17th - Funding Entity,2025-01-01,Payment/Draw,24010,First Mortgage Payable," (30,786.17)"
48,1000,Low Tide Properties Ltd,2023-05-01,Payment/Draw,24010,First Mortgage Payable, 228.37 
48,1000,Low Tide Properties Ltd,2023-06-01,Payment/Draw,24010,First Mortgage Payable, 229.15 
48,1000,Low Tide Properties Ltd,2023-07-01,Payment/Draw,24010,First Mortgage Payable, 229.90 
48,1000,Low Tide Properties Ltd,2023-08-01,Payment/Draw,24010,First Mortgage Payable, 230.66 
48,1000,Low Tide Properties Ltd,2023-09-01,Payment/Draw,24010,First Mortgage Payable, 231.43 
48,1000,Low Tide Properties Ltd,2023-10-01,Payment/Draw,24010,First Mortgage Payable, 232.21 
48,1000,Low Tide Properties Ltd,2023-11-01,Payment/Draw,24010,First Mortgage Payable, 232.98 
48,1000,Low Tide Properties Ltd,2023-12-01,Payment/Draw,24010,First Mortgage Payable, 233.76 
48,1000,Low Tide Properties Ltd,2024-01-01,Payment/Draw,24010,First Mortgage Payable, 234.56 
48,1000,Low Tide Properties Ltd,2024-02-01,Payment/Draw,24010,First Mortgage Payable, 235.32 
48,1000,Low Tide Properties Ltd,2024-03-01,Payment/Draw,24010,First Mortgage Payable, 236.11 
48,1000,Low Tide Properties Ltd,2024-04-01,Payment/Draw,24010,First Mortgage Payable, 236.90 
48,1000,Low Tide Properties Ltd,2024-05-01,Payment/Draw,24010,First Mortgage Payable, 237.69 
48,1000,Low Tide Properties Ltd,2024-06-01,Payment/Draw,24010,First Mortgage Payable," (71,430.78)"
48,1000,Low Tide Properties Ltd,2024-07-01,Payment/Draw,24010,First Mortgage Payable," (48,969.66)"
48,1000,Low Tide Properties Ltd,2024-08-01,Payment/Draw,24010,First Mortgage Payable," 48,969.66 "
48,1000,Low Tide Properties Ltd,2024-12-01,Payment/Draw,24010,First Mortgage Payable, 0.01 
48,1000,Low Tide Properties Ltd,2023-01-01,Payment/Draw,24010,First Mortgage Payable, 225.35 
48,1000,Low Tide Properties Ltd,2023-02-01,Payment/Draw,24010,First Mortgage Payable, 226.09 
48,1000,Low Tide Properties Ltd,2023-03-01,Payment/Draw,24010,First Mortgage Payable, 226.85 
36,1507,1712 Powell,2023-02-01,Payment/Draw,24010,First Mortgage Payable," (10,573.54)"
36,1507,1712 Powell,2023-03-01,Payment/Draw,24010,First Mortgage Payable," (11,565.60)"
36,1507,1712 Powell,2023-04-01,Payment/Draw,24010,First Mortgage Payable," (10,624.77)"
36,1507,1712 Powell,2023-05-01,Payment/Draw,24010,First Mortgage Payable," (10,970.25)"
36,1507,1712 Powell,2023-06-01,Payment/Draw,24010,First Mortgage Payable," (10,674.74)"
36,1507,1712 Powell,2023-07-01,Payment/Draw,24010,First Mortgage Payable," (11,018.72)"
36,1507,1712 Powell,2023-08-01,Payment/Draw,24010,First Mortgage Payable," (10,724.94)"
36,1507,1712 Powell,2023-09-01,Payment/Draw,24010,First Mortgage Payable," (10,749.76)"
36,1507,1712 Powell,2023-10-01,Payment/Draw,24010,First Mortgage Payable," (11,091.48)"
36,1507,1712 Powell,2023-11-01,Payment/Draw,24010,First Mortgage Payable," (10,800.30)"
36,1507,1712 Powell,2023-12-01,Payment/Draw,24010,First Mortgage Payable," (11,140.51)"
36,1507,1712 Powell,2024-02-01,Payment/Draw,24010,First Mortgage Payable," (10,902.74)"
36,1507,1712 Powell,2024-03-01,Payment/Draw,24010,First Mortgage Payable," (11,551.68)"
36,1507,1712 Powell,2024-04-01,Payment/Draw,24010,First Mortgage Payable," (10,954.56)"
36,1507,1712 Powell,2024-05-01,Payment/Draw,24010,First Mortgage Payable," (11,290.06)"
36,1507,1712 Powell,2024-06-01,Payment/Draw,24010,First Mortgage Payable," (11,005.89)"
36,1507,1712 Powell,2024-07-01,Payment/Draw,24010,First Mortgage Payable," (11,339.85)"
36,1507,1712 Powell,2024-08-01,Payment/Draw,24010,First Mortgage Payable," (11,057.46)"
85,1704,155 Water - Funding Entity,2023-12-01,Payment/Draw,24010,First Mortgage Payable," (101,468.75)"
85,1704,155 Water - Funding Entity,2024-01-01,Payment/Draw,24010,First Mortgage Payable," (101,741.30)"
85,1704,155 Water - Funding Entity,2024-02-01,Payment/Draw,24010,First Mortgage Payable," (102,014.58)"
85,1704,155 Water - Funding Entity,2024-03-01,Payment/Draw,24010,First Mortgage Payable," (102,288.60)"
85,1704,155 Water - Funding Entity,2024-04-01,Payment/Draw,24010,First Mortgage Payable," (102,563.35)"
85,1704,155 Water - Funding Entity,2024-05-01,Payment/Draw,24010,First Mortgage Payable," (102,838.84)"
85,1704,155 Water - Funding Entity,2024-06-01,Payment/Draw,24010,First Mortgage Payable," (103,115.08)"
85,1704,155 Water - Funding Entity,2024-07-01,Payment/Draw,24010,First Mortgage Payable," (103,392.05)"
85,1704,155 Water - Funding Entity,2024-08-01,Payment/Draw,24010,First Mortgage Payable," (103,669.77)"
85,1704,155 Water - Funding Entity,2024-09-01,Payment/Draw,24010,First Mortgage Payable," (103,948.23)"
85,1704,155 Water - Funding Entity,2024-10-01,Payment/Draw,24010,First Mortgage Payable," (104,227.44)"
85,1704,155 Water - Funding Entity,2024-11-01,Payment/Draw,24010,First Mortgage Payable," (104,507.40)"
85,1704,155 Water - Funding Entity,2024-12-01,Payment/Draw,24010,First Mortgage Payable," (104,788.12)"
85,1704,155 Water - Funding Entity,2026-01-01,Payment/Draw,24010,First Mortgage Payable," (108,506.75)"
85,1704,155 Water - Funding Entity,2026-02-01,Payment/Draw,24010,First Mortgage Payable," (108,798.21)"
85,1704,155 Water - Funding Entity,2026-03-01,Payment/Draw,24010,First Mortgage Payable," (109,090.45)"
85,1704,155 Water - Funding Entity,2026-04-01,Payment/Draw,24010,First Mortgage Payable," (109,383.47)"
85,1704,155 Water - Funding Entity,2026-05-01,Payment/Draw,24010,First Mortgage Payable," (109,677.28)"
85,1704,155 Water - Funding Entity,2026-06-01,Payment/Draw,24010,First Mortgage Payable," (109,971.88)"
85,1704,155 Water - Funding Entity,2026-07-01,Payment/Draw,24010,First Mortgage Payable," (136,965.11)"
85,1704,155 Water - Funding Entity,2025-02-01,Payment/Draw,24010,First Mortgage Payable," (105,351.81)"
85,1704,155 Water - Funding Entity,2025-03-01,Payment/Draw,24010,First Mortgage Payable," (105,634.79)"
85,1704,155 Water - Funding Entity,2025-04-01,Payment/Draw,24010,First Mortgage Payable," (105,918.53)"
85,1704,155 Water - Funding Entity,2025-05-01,Payment/Draw,24010,First Mortgage Payable," (106,203.04)"
85,1704,155 Water - Funding Entity,2025-06-01,Payment/Draw,24010,First Mortgage Payable," (106,488.30)"
85,1704,155 Water - Funding Entity,2025-07-01,Payment/Draw,24010,First Mortgage Payable," (106,774.34)"
85,1704,155 Water - Funding Entity,2025-08-01,Payment/Draw,24010,First Mortgage Payable," (107,061.14)"
85,1704,155 Water - Funding Entity,2025-09-01,Payment/Draw,24010,First Mortgage Payable," (107,348.72)"
85,1704,155 Water - Funding Entity,2025-10-01,Payment/Draw,24010,First Mortgage Payable," (107,637.06)"
85,1704,155 Water - Funding Entity,2025-11-01,Payment/Draw,24010,First Mortgage Payable," (107,926.18)"
85,1704,155 Water - Funding Entity,2025-12-01,Payment/Draw,24010,First Mortgage Payable," (108,216.08)"
85,1704,155 Water - Funding Entity,2025-01-01,Payment/Draw,24010,First Mortgage Payable," (105,069.59)"
85,1704,155 Water - Funding Entity,2023-01-01,Payment/Draw,24010,First Mortgage Payable," (98,518.44)"
85,1704,155 Water - Funding Entity,2023-02-01,Payment/Draw,24010,First Mortgage Payable," (98,783.07)"
85,1704,155 Water - Funding Entity,2023-03-01,Payment/Draw,24010,First Mortgage Payable," (99,048.40)"
85,1704,155 Water - Funding Entity,2023-04-01,Payment/Draw,24010,First Mortgage Payable," (99,314.45)"
85,1704,155 Water - Funding Entity,2023-05-01,Payment/Draw,24010,First Mortgage Payable," (99,581.22)"
85,1704,155 Water - Funding Entity,2023-06-01,Payment/Draw,24010,First Mortgage Payable," (99,848.70)"
85,1704,155 Water - Funding Entity,2023-07-01,Payment/Draw,24010,First Mortgage Payable," (100,116.90)"
85,1704,155 Water - Funding Entity,2023-08-01,Payment/Draw,24010,First Mortgage Payable," (100,385.82)"
85,1704,155 Water - Funding Entity,2023-09-01,Payment/Draw,24010,First Mortgage Payable," (100,655.46)"
85,1704,155 Water - Funding Entity,2023-10-01,Payment/Draw,24010,First Mortgage Payable," (100,925.83)"
85,1704,155 Water - Funding Entity,2023-11-01,Payment/Draw,24010,First Mortgage Payable," (101,196.92)"
72,1702,1428 Charles,2025-10-01,Payment/Draw,24010,First Mortgage Payable," 8,071,080.00 "
70,1701,727 East 17th - Funding Entity,2023-01-01,Payment/Draw,24010,First Mortgage Payable," (28,983.40)"
70,1701,727 East 17th - Funding Entity,2023-02-01,Payment/Draw,24010,First Mortgage Payable," (29,057.31)"
70,1701,727 East 17th - Funding Entity,2023-03-01,Payment/Draw,24010,First Mortgage Payable," (29,131.42)"
70,1701,727 East 17th - Funding Entity,2023-04-01,Payment/Draw,24010,First Mortgage Payable," (29,205.72)"
70,1701,727 East 17th - Funding Entity,2023-05-01,Payment/Draw,24010,First Mortgage Payable," (29,280.20)"
70,1701,727 East 17th - Funding Entity,2023-06-01,Payment/Draw,24010,First Mortgage Payable," (29,354.88)"
70,1701,727 East 17th - Funding Entity,2023-07-01,Payment/Draw,24010,First Mortgage Payable," (29,429.74)"
70,1701,727 East 17th - Funding Entity,2023-08-01,Payment/Draw,24010,First Mortgage Payable," (29,504.80)"
70,1701,727 East 17th - Funding Entity,2023-09-01,Payment/Draw,24010,First Mortgage Payable," (29,580.04)"
70,1701,727 East 17th - Funding Entity,2023-10-01,Payment/Draw,24010,First Mortgage Payable," (29,655.48)"
70,1701,727 East 17th - Funding Entity,2023-11-01,Payment/Draw,24010,First Mortgage Payable," (29,731.12)"
70,1701,727 East 17th - Funding Entity,2023-12-01,Payment/Draw,24010,First Mortgage Payable," (29,806.94)"
70,1701,727 East 17th - Funding Entity,2024-01-01,Payment/Draw,24010,First Mortgage Payable," (29,882.96)"
70,1701,727 East 17th - Funding Entity,2024-02-01,Payment/Draw,24010,First Mortgage Payable," (29,959.17)"
70,1701,727 East 17th - Funding Entity,2024-03-01,Payment/Draw,24010,First Mortgage Payable," (30,035.58)"
70,1701,727 East 17th - Funding Entity,2024-04-01,Payment/Draw,24010,First Mortgage Payable," (30,112.18)"
70,1701,727 East 17th - Funding Entity,2024-05-01,Payment/Draw,24010,First Mortgage Payable," (20,838.48)"
110,1803,700 Kingsway,2025-10-01,Payment/Draw,24010,First Mortgage Payable," 3,828,920.00 "
101,5104,207 Park Lane,2023-04-01,Payment/Draw,24010,First Mortgage Payable," (84,913.88)"
101,5104,207 Park Lane,2025-06-01,Payment/Draw,24010,First Mortgage Payable," (92,868.38)"
101,5104,207 Park Lane,2023-11-01,Payment/Draw,24010,First Mortgage Payable," (86,985.90)"
101,5104,207 Park Lane,2023-07-01,Payment/Draw,24010,First Mortgage Payable," (85,795.78)"
101,5104,207 Park Lane,2025-08-01,Payment/Draw,24010,First Mortgage Payable," (93,510.28)"
101,5104,207 Park Lane,2025-12-01,Payment/Draw,24010,First Mortgage Payable," (94,807.41)"
101,5104,207 Park Lane,2025-11-01,Payment/Draw,24010,First Mortgage Payable," (94,481.45)"
101,5104,207 Park Lane,2025-07-01,Payment/Draw,24010,First Mortgage Payable," (93,188.78)"
101,5104,207 Park Lane,2024-07-01,Payment/Draw,24010,First Mortgage Payable," (89,415.90)"
101,5104,207 Park Lane,2025-05-01,Payment/Draw,24010,First Mortgage Payable," (92,549.09)"
101,5104,207 Park Lane,2024-12-01,Payment/Draw,24010,First Mortgage Payable," (90,969.01)"
101,5104,207 Park Lane,2023-10-01,Payment/Draw,24010,First Mortgage Payable," (86,686.83)"
101,5104,207 Park Lane,2023-08-01,Payment/Draw,24010,First Mortgage Payable," (86,091.77)"
101,5104,207 Park Lane,2023-06-01,Payment/Draw,24010,First Mortgage Payable," (85,500.80)"
101,5104,207 Park Lane,2025-09-01,Payment/Draw,24010,First Mortgage Payable," (93,832.89)"
101,5104,207 Park Lane,2023-09-01,Payment/Draw,24010,First Mortgage Payable," (86,388.79)"
101,5104,207 Park Lane,2023-12-01,Payment/Draw,24010,First Mortgage Payable," (87,286.00)"
101,5104,207 Park Lane,2023-01-01,Payment/Draw,24010,First Mortgage Payable," (84,041.05)"
101,5104,207 Park Lane,2024-01-01,Payment/Draw,24010,First Mortgage Payable," (87,587.14)"
101,5104,207 Park Lane,2025-01-01,Payment/Draw,24010,First Mortgage Payable," (91,282.85)"
101,5104,207 Park Lane,2026-01-01,Payment/Draw,24010,First Mortgage Payable," (95,134.50)"
101,5104,207 Park Lane,2026-02-01,Payment/Draw,24010,First Mortgage Payable," (95,462.71)"
101,5104,207 Park Lane,2026-03-01,Payment/Draw,24010,First Mortgage Payable," (95,792.06)"
101,5104,207 Park Lane,2026-04-01,Payment/Draw,24010,First Mortgage Payable," (96,122.54)"
101,5104,207 Park Lane,2026-06-01,Payment/Draw,24010,First Mortgage Payable," (96,786.93)"
101,5104,207 Park Lane,2024-08-01,Payment/Draw,24010,First Mortgage Payable," (89,724.39)"
101,5104,207 Park Lane,2023-03-01,Payment/Draw,24010,First Mortgage Payable," (84,621.94)"
101,5104,207 Park Lane,2024-04-01,Payment/Draw,24010,First Mortgage Payable," (88,496.80)"
101,5104,207 Park Lane,2023-05-01,Payment/Draw,24010,First Mortgage Payable," (85,206.84)"
101,5104,207 Park Lane,2023-02-01,Payment/Draw,24010,First Mortgage Payable," (84,331.00)"
101,5104,207 Park Lane,2025-03-01,Payment/Draw,24010,First Mortgage Payable," (91,913.79)"
101,5104,207 Park Lane,2024-11-01,Payment/Draw,24010,First Mortgage Payable," (90,656.24)"
101,5104,207 Park Lane,2024-10-01,Payment/Draw,24010,First Mortgage Payable," (90,344.55)"
101,5104,207 Park Lane,2024-09-01,Payment/Draw,24010,First Mortgage Payable," (90,033.94)"
101,5104,207 Park Lane,2024-05-01,Payment/Draw,24010,First Mortgage Payable," (88,802.11)"
101,5104,207 Park Lane,2024-03-01,Payment/Draw,24010,First Mortgage Payable," (88,192.53)"
101,5104,207 Park Lane,2024-02-01,Payment/Draw,24010,First Mortgage Payable," (87,889.31)"
101,5104,207 Park Lane,2025-04-01,Payment/Draw,24010,First Mortgage Payable," (92,230.89)"
101,5104,207 Park Lane,2024-06-01,Payment/Draw,24010,First Mortgage Payable," (89,108.48)"
101,5104,207 Park Lane,2025-02-01,Payment/Draw,24010,First Mortgage Payable," (91,597.77)"
101,5104,207 Park Lane,2025-10-01,Payment/Draw,24010,First Mortgage Payable," (94,156.61)"
101,5104,207 Park Lane,2026-05-01,Payment/Draw,24010,First Mortgage Payable," (96,454.16)"
96,5103,112 Lake Street,2025-09-01,Payment/Draw,24010,First Mortgage Payable," 63,000,000.00 "
89,5101,First and Roy,2026-03-01,Payment/Draw,24010,First Mortgage Payable," 53,000,000.00 "
124,1604,901 Great Northern Way - Development,2025-08-01,Payment/Draw,24010,First Mortgage Payable," 7,500,000.00 "
121,5106,1515 Bellevue Way,2026-03-01,Payment/Draw,24010,First Mortgage Payable," (97,885.62)"
121,5106,1515 Bellevue Way,2026-05-01,Payment/Draw,24010,First Mortgage Payable," (83,660.84)"
121,5106,1515 Bellevue Way,2025-11-01,Payment/Draw,24010,First Mortgage Payable," (74,382.99)"
121,5106,1515 Bellevue Way,2025-12-01,Payment/Draw,24010,First Mortgage Payable," (82,138.26)"
121,5106,1515 Bellevue Way,2025-10-01,Payment/Draw,24010,First Mortgage Payable," (81,553.82)"
121,5106,1515 Bellevue Way,2025-09-01,Payment/Draw,24010,First Mortgage Payable," (73,781.40)"
121,5106,1515 Bellevue Way,2026-01-01,Payment/Draw,24010,First Mortgage Payable," (74,989.18)"
121,5106,1515 Bellevue Way,2026-02-01,Payment/Draw,24010,First Mortgage Payable," (75,279.60)"
121,5106,1515 Bellevue Way,2026-04-01,Payment/Draw,24010,First Mortgage Payable," (75,950.25)"
121,5106,1515 Bellevue Way,2026-06-01,Payment/Draw,24010,First Mortgage Payable," (76,568.40)"
116,1602,887 Great Northern Way,2023-05-01,Payment/Draw,24010,First Mortgage Payable," (171,477.35)"
116,1602,887 Great Northern Way,2023-06-01,Payment/Draw,24010,First Mortgage Payable," (171,852.55)"
116,1602,887 Great Northern Way,2023-07-01,Payment/Draw,24010,First Mortgage Payable," (172,228.56)"
116,1602,887 Great Northern Way,2023-08-01,Payment/Draw,24010,First Mortgage Payable," (172,605.39)"
116,1602,887 Great Northern Way,2023-09-01,Payment/Draw,24010,First Mortgage Payable," (172,983.05)"
116,1602,887 Great Northern Way,2023-10-01,Payment/Draw,24010,First Mortgage Payable," (173,361.54)"
116,1602,887 Great Northern Way,2023-11-01,Payment/Draw,24010,First Mortgage Payable," (173,740.86)"
116,1602,887 Great Northern Way,2023-12-01,Payment/Draw,24010,First Mortgage Payable," (174,121.00)"
116,1602,887 Great Northern Way,2024-01-01,Payment/Draw,24010,First Mortgage Payable," (174,501.98)"
116,1602,887 Great Northern Way,2024-02-01,Payment/Draw,24010,First Mortgage Payable," (174,883.79)"
116,1602,887 Great Northern Way,2024-03-01,Payment/Draw,24010,First Mortgage Payable," (175,266.43)"
116,1602,887 Great Northern Way,2024-04-01,Payment/Draw,24010,First Mortgage Payable," (175,649.91)"
116,1602,887 Great Northern Way,2024-05-01,Payment/Draw,24010,First Mortgage Payable," (176,034.23)"
116,1602,887 Great Northern Way,2024-06-01,Payment/Draw,24010,First Mortgage Payable," (176,419.40)"
116,1602,887 Great Northern Way,2024-07-01,Payment/Draw,24010,First Mortgage Payable," (176,805.40)"
116,1602,887 Great Northern Way,2024-08-01,Payment/Draw,24010,First Mortgage Payable," (177,192.25)"
116,1602,887 Great Northern Way,2024-09-01,Payment/Draw,24010,First Mortgage Payable," (177,579.95)"
116,1602,887 Great Northern Way,2024-10-01,Payment/Draw,24010,First Mortgage Payable," (177,968.49)"
116,1602,887 Great Northern Way,2024-11-01,Payment/Draw,24010,First Mortgage Payable," (178,357.89)"
116,1602,887 Great Northern Way,2024-12-01,Payment/Draw,24010,First Mortgage Payable," (178,748.13)"
116,1602,887 Great Northern Way,2026-01-01,Payment/Draw,24010,First Mortgage Payable," (183,899.72)"
116,1602,887 Great Northern Way,2026-02-01,Payment/Draw,24010,First Mortgage Payable," (184,302.09)"
116,1602,887 Great Northern Way,2026-03-01,Payment/Draw,24010,First Mortgage Payable," (184,705.35)"
116,1602,887 Great Northern Way,2026-04-01,Payment/Draw,24010,First Mortgage Payable," (185,109.48)"
116,1602,887 Great Northern Way,2026-05-01,Payment/Draw,24010,First Mortgage Payable," (185,514.50)"
116,1602,887 Great Northern Way,2026-06-01,Payment/Draw,24010,First Mortgage Payable," (185,920.41)"
116,1602,887 Great Northern Way,2025-05-01,Payment/Draw,24010,First Mortgage Payable," (180,712.21)"
116,1602,887 Great Northern Way,2025-06-01,Payment/Draw,24010,First Mortgage Payable," (181,107.61)"
116,1602,887 Great Northern Way,2025-07-01,Payment/Draw,24010,First Mortgage Payable," (181,503.87)"
116,1602,887 Great Northern Way,2025-08-01,Payment/Draw,24010,First Mortgage Payable," (181,901.00)"
116,1602,887 Great Northern Way,2025-09-01,Payment/Draw,24010,First Mortgage Payable," (182,299.00)"
116,1602,887 Great Northern Way,2025-10-01,Payment/Draw,24010,First Mortgage Payable," (182,697.87)"
116,1602,887 Great Northern Way,2025-11-01,Payment/Draw,24010,First Mortgage Payable," (183,097.61)"
116,1602,887 Great Northern Way,2025-12-01,Payment/Draw,24010,First Mortgage Payable," (183,498.23)"
116,1602,887 Great Northern Way,2025-01-01,Payment/Draw,24010,First Mortgage Payable," (179,139.23)"
116,1602,887 Great Northern Way,2023-01-01,Payment/Draw,24010,First Mortgage Payable," (169,984.76)"
116,1602,887 Great Northern Way,2023-02-01,Payment/Draw,24010,First Mortgage Payable," (170,356.69)"
116,1602,887 Great Northern Way,2023-03-01,Payment/Draw,24010,First Mortgage Payable," (170,729.43)"
116,1602,887 Great Northern Way,2023-04-01,Payment/Draw,24010,First Mortgage Payable," (171,102.98)"
116,1602,887 Great Northern Way,2025-02-01,Payment/Draw,24010,First Mortgage Payable," (179,531.19)"
116,1602,887 Great Northern Way,2025-03-01,Payment/Draw,24010,First Mortgage Payable," (179,924.00)"
116,1602,887 Great Northern Way,2025-04-01,Payment/Draw,24010,First Mortgage Payable," (180,317.68)"
116,1602,887 Great Northern Way,2026-07-01,Payment/Draw,24010,First Mortgage Payable," (186,327.20)"
114,5105,1915 3rd Avenue Belltown,2023-02-01,Payment/Draw,24010,First Mortgage Payable," (3,795.00)"
114,5105,1915 3rd Avenue Belltown,2023-03-01,Payment/Draw,24010,First Mortgage Payable," (3,795.00)"
114,5105,1915 3rd Avenue Belltown,2023-04-01,Payment/Draw,24010,First Mortgage Payable," (3,795.00)"
114,5105,1915 3rd Avenue Belltown,2023-05-01,Payment/Draw,24010,First Mortgage Payable," (3,795.00)"
114,5105,1915 3rd Avenue Belltown,2023-06-01,Payment/Draw,24010,First Mortgage Payable," (3,795.00)"
114,5105,1915 3rd Avenue Belltown,2023-07-01,Payment/Draw,24010,First Mortgage Payable," (3,795.00)"
114,5105,1915 3rd Avenue Belltown,2023-08-01,Payment/Draw,24010,First Mortgage Payable," (3,795.00)"
114,5105,1915 3rd Avenue Belltown,2023-09-01,Payment/Draw,24010,First Mortgage Payable," (3,795.00)"
114,5105,1915 3rd Avenue Belltown,2023-10-01,Payment/Draw,24010,First Mortgage Payable," (3,795.00)"
114,5105,1915 3rd Avenue Belltown,2023-11-01,Payment/Draw,24010,First Mortgage Payable," (3,795.00)"
114,5105,1915 3rd Avenue Belltown,2023-12-01,Payment/Draw,24010,First Mortgage Payable," (3,795.00)"
114,5105,1915 3rd Avenue Belltown,2024-02-01,Payment/Draw,24010,First Mortgage Payable," (3,795.00)"
114,5105,1915 3rd Avenue Belltown,2024-03-01,Payment/Draw,24010,First Mortgage Payable," (3,795.00)"
114,5105,1915 3rd Avenue Belltown,2024-04-01,Payment/Draw,24010,First Mortgage Payable," (3,795.00)"
114,5105,1915 3rd Avenue Belltown,2024-05-01,Payment/Draw,24010,First Mortgage Payable," (3,795.00)"
114,5105,1915 3rd Avenue Belltown,2024-06-01,Payment/Draw,24010,First Mortgage Payable," (3,795.00)"
114,5105,1915 3rd Avenue Belltown,2024-07-01,Payment/Draw,24010,First Mortgage Payable," (3,795.00)"
114,5105,1915 3rd Avenue Belltown,2024-08-01,Payment/Draw,24010,First Mortgage Payable," (3,795.00)"
114,5105,1915 3rd Avenue Belltown,2024-09-01,Payment/Draw,24010,First Mortgage Payable," (1,874,765.00)"
114,5105,1915 3rd Avenue Belltown,2023-01-01,Payment/Draw,24010,First Mortgage Payable," (3,795.00)"
114,5105,1915 3rd Avenue Belltown,2024-01-01,Payment/Draw,24010,First Mortgage Payable," (3,795.00)"
142,5111,1000 100th Ave - Lux,2026-04-01,Payment/Draw,24010,First Mortgage Payable," (104,558.89)"
142,5111,1000 100th Ave - Lux,2024-05-01,Payment/Draw,24010,First Mortgage Payable," (102,576.58)"
142,5111,1000 100th Ave - Lux,2024-06-01,Payment/Draw,24010,First Mortgage Payable," (98,776.24)"
142,5111,1000 100th Ave - Lux,2024-07-01,Payment/Draw,24010,First Mortgage Payable," (103,098.12)"
142,5111,1000 100th Ave - Lux,2024-08-01,Payment/Draw,24010,First Mortgage Payable," (99,316.56)"
142,5111,1000 100th Ave - Lux,2024-09-01,Payment/Draw,24010,First Mortgage Payable," (99,582.38)"
142,5111,1000 100th Ave - Lux,2024-10-01,Payment/Draw,24010,First Mortgage Payable," (120,942.66)"
142,5111,1000 100th Ave - Lux,2024-11-01,Payment/Draw,24010,First Mortgage Payable," (83,064.63)"
142,5111,1000 100th Ave - Lux,2024-12-01,Payment/Draw,24010,First Mortgage Payable," (104,408.75)"
142,5111,1000 100th Ave - Lux,2025-02-01,Payment/Draw,24010,First Mortgage Payable," (100,604.45)"
142,5111,1000 100th Ave - Lux,2025-03-01,Payment/Draw,24010,First Mortgage Payable," (112,869.48)"
142,5111,1000 100th Ave - Lux,2025-04-01,Payment/Draw,24010,First Mortgage Payable," (101,177.38)"
142,5111,1000 100th Ave - Lux,2025-05-01,Payment/Draw,24010,First Mortgage Payable," (105,428.73)"
142,5111,1000 100th Ave - Lux,2025-06-01,Payment/Draw,24010,First Mortgage Payable," (101,731.88)"
142,5111,1000 100th Ave - Lux,2025-07-01,Payment/Draw,24010,First Mortgage Payable," (105,966.78)"
142,5111,1000 100th Ave - Lux,2025-08-01,Payment/Draw,24010,First Mortgage Payable," (102,289.31)"
142,5111,1000 100th Ave - Lux,2025-09-01,Payment/Draw,24010,First Mortgage Payable," (102,563.83)"
142,5111,1000 100th Ave - Lux,2025-10-01,Payment/Draw,24010,First Mortgage Payable," (106,774.06)"
142,5111,1000 100th Ave - Lux,2025-11-01,Payment/Draw,24010,First Mortgage Payable," (103,125.66)"
142,5111,1000 100th Ave - Lux,2025-12-01,Payment/Draw,24010,First Mortgage Payable," (107,319.23)"
142,5111,1000 100th Ave - Lux,2023-01-01,Payment/Draw,24010,First Mortgage Payable," (93,934.27)"
142,5111,1000 100th Ave - Lux,2024-01-01,Payment/Draw,24010,First Mortgage Payable," (97,084.34)"
142,5111,1000 100th Ave - Lux,2025-01-01,Payment/Draw,24010,First Mortgage Payable," (100,674.39)"
142,5111,1000 100th Ave - Lux,2026-01-01,Payment/Draw,24010,First Mortgage Payable," (103,690.46)"
142,5111,1000 100th Ave - Lux,2026-03-01,Payment/Draw,24010,First Mortgage Payable," (115,916.36)"
142,5111,1000 100th Ave - Lux,2026-05-01,Payment/Draw,24010,First Mortgage Payable," (108,709.94)"
142,5111,1000 100th Ave - Lux,2026-02-01,Payment/Draw,24010,First Mortgage Payable," (103,968.75)"
142,5111,1000 100th Ave - Lux,2023-05-01,Payment/Draw,24010,First Mortgage Payable," (99,169.17)"
142,5111,1000 100th Ave - Lux,2023-06-01,Payment/Draw,24010,First Mortgage Payable," (95,246.87)"
142,5111,1000 100th Ave - Lux,2023-07-01,Payment/Draw,24010,First Mortgage Payable," (99,674.12)"
142,5111,1000 100th Ave - Lux,2023-08-01,Payment/Draw,24010,First Mortgage Payable," (95,770.00)"
142,5111,1000 100th Ave - Lux,2023-09-01,Payment/Draw,24010,First Mortgage Payable," (96,027.03)"
142,5111,1000 100th Ave - Lux,2023-10-01,Payment/Draw,24010,First Mortgage Payable," (100,431.15)"
142,5111,1000 100th Ave - Lux,2023-11-01,Payment/Draw,24010,First Mortgage Payable," (96,554.29)"
142,5111,1000 100th Ave - Lux,2023-12-01,Payment/Draw,24010,First Mortgage Payable," (100,942.77)"
142,5111,1000 100th Ave - Lux,2024-02-01,Payment/Draw,24010,First Mortgage Payable," (97,693.20)"
142,5111,1000 100th Ave - Lux,2024-03-01,Payment/Draw,24010,First Mortgage Payable," (106,139.73)"
142,5111,1000 100th Ave - Lux,2024-04-01,Payment/Draw,24010,First Mortgage Payable," (98,238.76)"
142,5111,1000 100th Ave - Lux,2023-02-01,Payment/Draw,24010,First Mortgage Payable," (94,186.38)"
142,5111,1000 100th Ave - Lux,2023-03-01,Payment/Draw,24010,First Mortgage Payable," (107,056.95)"
142,5111,1000 100th Ave - Lux,2023-04-01,Payment/Draw,24010,First Mortgage Payable," (94,726.48)"
142,5111,1000 100th Ave - Lux,2026-06-01,Payment/Draw,24010,First Mortgage Payable," (105,131.26)"
141,5110,1942 Westlake - Met Tower,2026-02-01,Payment/Draw,24010,First Mortgage Payable," (158,333.33)"
141,5110,1942 Westlake - Met Tower,2026-04-01,Payment/Draw,24010,First Mortgage Payable," (158,333.33)"
141,5110,1942 Westlake - Met Tower,2023-01-01,Payment/Draw,24010,First Mortgage Payable," (15,473,125.00)"
141,5110,1942 Westlake - Met Tower,2026-01-01,Payment/Draw,24010,First Mortgage Payable," (158,333.33)"
141,5110,1942 Westlake - Met Tower,2026-03-01,Payment/Draw,24010,First Mortgage Payable," (158,333.33)"
141,5110,1942 Westlake - Met Tower,2026-05-01,Payment/Draw,24010,First Mortgage Payable," (158,333.33)"
141,5110,1942 Westlake - Met Tower,2026-06-01,Payment/Draw,24010,First Mortgage Payable," (158,333.33)"
1446,2401,2315 West 4th,2024-06-01,Payment/Draw,24010,First Mortgage Payable," 53,090,700.00 "
48,1000,Low Tide Properties Ltd,2023-04-01,Payment/Draw,24010,First Mortgage Payable, 227.61 
21,1304,1770 West 7th,2023-03-01,Payment/Draw,24010,First Mortgage Payable," (62,245.01)"
19,1302,123 West 7th,2025-03-01,Payment/Draw,24010,First Mortgage Payable," (41,195.44)"
18,1301,2450 Ontario,2025-04-01,Payment/Draw,24010,First Mortgage Payable," (25,154.76)"
15,1212,152 West Hastings,2024-07-01,Payment/Draw,24010,First Mortgage Payable," (9,962.03)"
63,1603,565 Great Northern Way,2023-12-01,Payment/Draw,24010,First Mortgage Payable," (192,569.68)"
1449,2402,2386 West 3rd Ave,2026-04-01,Payment/Draw,24010,First Mortgage Payable," (3,737,500.00)"
1449,2402,2386 West 3rd Ave,2024-06-01,Payment/Draw,24010,First Mortgage Payable," 3,737,500.00 "
3,1103,780 East Cordova,2023-01-01,Payment/Draw,24011,First Mortgage Payable (2)," (12,163.86)"
3,1103,780 East Cordova,2023-02-01,Payment/Draw,24011,First Mortgage Payable (2)," (13,248.55)"
3,1103,780 East Cordova,2023-03-01,Payment/Draw,24011,First Mortgage Payable (2)," (12,235.88)"
3,1103,780 East Cordova,2023-04-01,Payment/Draw,24011,First Mortgage Payable (2)," (12,618.33)"
3,1103,780 East Cordova,2023-05-01,Payment/Draw,24011,First Mortgage Payable (2)," (12,306.31)"
3,1103,780 East Cordova,2023-06-01,Payment/Draw,24011,First Mortgage Payable (2)," (12,686.68)"
3,1103,780 East Cordova,2023-07-01,Payment/Draw,24011,First Mortgage Payable (2)," (12,377.14)"
3,1103,780 East Cordova,2023-08-01,Payment/Draw,24011,First Mortgage Payable (2)," (95,363.82)"
3,1103,780 East Cordova,2023-09-01,Payment/Draw,24011,First Mortgage Payable (2)," (3,745.86)"
3,1103,780 East Cordova,2023-10-01,Payment/Draw,24011,First Mortgage Payable (2)," (6,753.47)"
3,1103,780 East Cordova,2023-11-01,Payment/Draw,24011,First Mortgage Payable (2)," (5,591.69)"
3,1103,780 East Cordova,2023-12-01,Payment/Draw,24011,First Mortgage Payable (2)," (3,832.78)"
3,1103,780 East Cordova,2024-01-01,Payment/Draw,24011,First Mortgage Payable (2)," (6,232.80)"
3,1103,780 East Cordova,2024-02-01,Payment/Draw,24011,First Mortgage Payable (2)," (6,262.39)"
3,1103,780 East Cordova,2024-03-01,Payment/Draw,24011,First Mortgage Payable (2)," (4,513.77)"
3,1103,780 East Cordova,2024-04-01,Payment/Draw,24011,First Mortgage Payable (2)," (6,313.55)"
3,1103,780 East Cordova,2024-05-01,Payment/Draw,24011,First Mortgage Payable (2)," (5,161.50)"
3,1103,780 East Cordova,2024-07-01,Payment/Draw,24011,First Mortgage Payable (2)," (4,598.02)"
3,1103,780 East Cordova,2024-08-01,Payment/Draw,24011,First Mortgage Payable (2)," (6,390.54)"
3,1103,780 East Cordova,2024-09-01,Payment/Draw,24011,First Mortgage Payable (2)," (3,478.72)"
3,1103,780 East Cordova,2024-10-01,Payment/Draw,24011,First Mortgage Payable (2)," (7,613.12)"
3,1103,780 East Cordova,2024-11-01,Payment/Draw,24011,First Mortgage Payable (2)," (5,300.30)"
3,1103,780 East Cordova,2024-12-01,Payment/Draw,24011,First Mortgage Payable (2)," (4,741.45)"
3,1103,780 East Cordova,2025-01-01,Payment/Draw,24011,First Mortgage Payable (2)," (6,521.21)"
3,1103,780 East Cordova,2025-02-01,Payment/Draw,24011,First Mortgage Payable (2)," (5,384.36)"
3,1103,780 East Cordova,2025-03-01,Payment/Draw,24011,First Mortgage Payable (2)," (7,160.75)"
3,1103,780 East Cordova,2025-04-01,Payment/Draw,24011,First Mortgage Payable (2)," (5,448.02)"
3,1103,780 East Cordova,2025-05-01,Payment/Draw,24011,First Mortgage Payable (2)," (6,056.62)"
3,1103,780 East Cordova,2025-06-01,Payment/Draw,24011,First Mortgage Payable (2)," (4,346.47)"
3,1103,780 East Cordova,2025-07-01,Payment/Draw,24011,First Mortgage Payable (2)," (7,266.22)"
3,1103,780 East Cordova,2025-08-01,Payment/Draw,24011,First Mortgage Payable (2)," (5,565.33)"
3,1103,780 East Cordova,2025-09-01,Payment/Draw,24011,First Mortgage Payable (2)," (4,439.26)"
3,1103,780 East Cordova,2025-10-01,Payment/Draw,24011,First Mortgage Payable (2)," (7,345.38)"
3,1103,780 East Cordova,2025-11-01,Payment/Draw,24011,First Mortgage Payable (2)," (5,653.37)"
2,1102,333 East Broadway,2023-08-01,Payment/Draw,24011,First Mortgage Payable (2)," 125,366.01 "
2,1102,333 East Broadway,2023-09-01,Payment/Draw,24011,First Mortgage Payable (2)," (4,123.14)"
2,1102,333 East Broadway,2023-10-01,Payment/Draw,24011,First Mortgage Payable (2)," (7,433.68)"
2,1102,333 East Broadway,2023-11-01,Payment/Draw,24011,First Mortgage Payable (2)," (6,154.88)"
2,1102,333 East Broadway,2023-12-01,Payment/Draw,24011,First Mortgage Payable (2)," (4,218.82)"
2,1102,333 East Broadway,2024-01-01,Payment/Draw,24011,First Mortgage Payable (2)," (6,860.56)"
2,1102,333 East Broadway,2024-02-01,Payment/Draw,24011,First Mortgage Payable (2)," (6,893.13)"
2,1102,333 East Broadway,2024-03-01,Payment/Draw,24011,First Mortgage Payable (2)," (4,968.39)"
2,1102,333 East Broadway,2024-04-01,Payment/Draw,24011,First Mortgage Payable (2)," (6,949.44)"
2,1102,333 East Broadway,2024-05-01,Payment/Draw,24011,First Mortgage Payable (2)," (5,681.36)"
2,1102,333 East Broadway,2024-07-01,Payment/Draw,24011,First Mortgage Payable (2)," (5,059.59)"
2,1102,333 East Broadway,2024-08-01,Payment/Draw,24011,First Mortgage Payable (2)," (7,032.04)"
2,1102,333 East Broadway,2024-09-01,Payment/Draw,24011,First Mortgage Payable (2)," (3,827.93)"
2,1102,333 East Broadway,2024-10-01,Payment/Draw,24011,First Mortgage Payable (2)," (8,377.34)"
2,1102,333 East Broadway,2024-11-01,Payment/Draw,24011,First Mortgage Payable (2)," (5,832.37)"
2,1102,333 East Broadway,2024-12-01,Payment/Draw,24011,First Mortgage Payable (2)," (5,217.42)"
2,1102,333 East Broadway,2025-01-01,Payment/Draw,24011,First Mortgage Payable (2)," (7,175.82)"
2,1102,333 East Broadway,2025-02-01,Payment/Draw,24011,First Mortgage Payable (2)," (5,924.85)"
2,1102,333 East Broadway,2025-03-01,Payment/Draw,24011,First Mortgage Payable (2)," (7,879.56)"
2,1102,333 East Broadway,2025-04-01,Payment/Draw,24011,First Mortgage Payable (2)," (5,994.91)"
2,1102,333 East Broadway,2025-05-01,Payment/Draw,24011,First Mortgage Payable (2)," (6,664.61)"
2,1102,333 East Broadway,2025-06-01,Payment/Draw,24011,First Mortgage Payable (2)," (4,782.78)"
2,1102,333 East Broadway,2025-07-01,Payment/Draw,24011,First Mortgage Payable (2)," (7,995.63)"
2,1102,333 East Broadway,2025-08-01,Payment/Draw,24011,First Mortgage Payable (2)," (6,124.00)"
2,1102,333 East Broadway,2025-09-01,Payment/Draw,24011,First Mortgage Payable (2)," (4,884.89)"
2,1102,333 East Broadway,2025-10-01,Payment/Draw,24011,First Mortgage Payable (2)," (8,082.74)"
2,1102,333 East Broadway,2025-11-01,Payment/Draw,24011,First Mortgage Payable (2)," (6,220.88)"
2,1102,333 East Broadway,2025-12-01,Payment/Draw,24011,First Mortgage Payable (2)," (6,252.45)"
2,1102,333 East Broadway,2026-01-01,Payment/Draw,24011,First Mortgage Payable (2)," (6,915.10)"
2,1102,333 East Broadway,2026-02-01,Payment/Draw,24011,First Mortgage Payable (2)," (5,059.68)"
2,1102,333 East Broadway,2026-03-01,Payment/Draw,24011,First Mortgage Payable (2)," (8,231.84)"
2,1102,333 East Broadway,2026-04-01,Payment/Draw,24011,First Mortgage Payable (2)," (7,641.96)"
2,1102,333 East Broadway,2026-05-01,Payment/Draw,24011,First Mortgage Payable (2)," (7,051.87)"
2,1102,333 East Broadway,2026-06-01,Payment/Draw,24011,First Mortgage Payable (2)," (5,837.23)"
2,1102,333 East Broadway,2023-01-01,Payment/Draw,24011,First Mortgage Payable (2)," (12,641.65)"
2,1102,333 East Broadway,2023-02-01,Payment/Draw,24011,First Mortgage Payable (2)," (13,768.96)"
2,1102,333 East Broadway,2023-03-01,Payment/Draw,24011,First Mortgage Payable (2)," (12,716.50)"
2,1102,333 East Broadway,2023-04-01,Payment/Draw,24011,First Mortgage Payable (2)," (13,113.97)"
2,1102,333 East Broadway,2023-05-01,Payment/Draw,24011,First Mortgage Payable (2)," (12,789.70)"
2,1102,333 East Broadway,2023-06-01,Payment/Draw,24011,First Mortgage Payable (2)," (13,185.01)"
16,1213,1455 East Georgia,2023-01-01,Payment/Draw,24011,First Mortgage Payable (2)," (10,611.02)"
16,1213,1455 East Georgia,2023-02-01,Payment/Draw,24011,First Mortgage Payable (2)," (11,557.25)"
16,1213,1455 East Georgia,2023-03-01,Payment/Draw,24011,First Mortgage Payable (2)," (10,673.85)"
16,1213,1455 East Georgia,2023-04-01,Payment/Draw,24011,First Mortgage Payable (2)," (11,007.48)"
16,1213,1455 East Georgia,2023-05-01,Payment/Draw,24011,First Mortgage Payable (2)," (10,735.29)"
16,1213,1455 East Georgia,2023-06-01,Payment/Draw,24011,First Mortgage Payable (2)," (11,067.11)"
16,1213,1455 East Georgia,2023-07-01,Payment/Draw,24011,First Mortgage Payable (2)," (10,797.08)"
16,1213,1455 East Georgia,2023-08-01,Payment/Draw,24011,First Mortgage Payable (2)," (63,615.83)"
16,1213,1455 East Georgia,2023-09-01,Payment/Draw,24011,First Mortgage Payable (2)," (3,287.73)"
16,1213,1455 East Georgia,2023-10-01,Payment/Draw,24011,First Mortgage Payable (2)," (5,927.51)"
16,1213,1455 East Georgia,2023-11-01,Payment/Draw,24011,First Mortgage Payable (2)," (4,907.81)"
16,1213,1455 East Georgia,2023-12-01,Payment/Draw,24011,First Mortgage Payable (2)," (3,364.02)"
16,1213,1455 East Georgia,2024-01-01,Payment/Draw,24011,First Mortgage Payable (2)," (5,470.51)"
16,1213,1455 East Georgia,2024-02-01,Payment/Draw,24011,First Mortgage Payable (2)," (5,496.48)"
16,1213,1455 East Georgia,2024-03-01,Payment/Draw,24011,First Mortgage Payable (2)," (3,961.73)"
16,1213,1455 East Georgia,2024-04-01,Payment/Draw,24011,First Mortgage Payable (2)," (5,541.38)"
16,1213,1455 East Georgia,2024-05-01,Payment/Draw,24011,First Mortgage Payable (2)," (4,530.23)"
16,1213,1455 East Georgia,2024-07-01,Payment/Draw,24011,First Mortgage Payable (2)," (4,034.28)"
16,1213,1455 East Georgia,2024-08-01,Payment/Draw,24011,First Mortgage Payable (2)," (5,607.03)"
16,1213,1455 East Georgia,2024-09-01,Payment/Draw,24011,First Mortgage Payable (2)," (3,052.21)"
16,1213,1455 East Georgia,2024-10-01,Payment/Draw,24011,First Mortgage Payable (2)," (6,679.71)"
16,1213,1455 East Georgia,2024-11-01,Payment/Draw,24011,First Mortgage Payable (2)," (4,650.46)"
16,1213,1455 East Georgia,2024-12-01,Payment/Draw,24011,First Mortgage Payable (2)," (4,160.13)"
16,1213,1455 East Georgia,2025-01-01,Payment/Draw,24011,First Mortgage Payable (2)," (5,721.67)"
16,1213,1455 East Georgia,2025-02-01,Payment/Draw,24011,First Mortgage Payable (2)," (4,724.20)"
16,1213,1455 East Georgia,2025-03-01,Payment/Draw,24011,First Mortgage Payable (2)," (6,282.80)"
16,1213,1455 East Georgia,2025-04-01,Payment/Draw,24011,First Mortgage Payable (2)," (4,780.06)"
16,1213,1455 East Georgia,2025-05-01,Payment/Draw,24011,First Mortgage Payable (2)," (5,314.05)"
16,1213,1455 East Georgia,2025-06-01,Payment/Draw,24011,First Mortgage Payable (2)," (3,813.57)"
16,1213,1455 East Georgia,2025-07-01,Payment/Draw,24011,First Mortgage Payable (2)," (6,375.35)"
16,1213,1455 East Georgia,2025-08-01,Payment/Draw,24011,First Mortgage Payable (2)," (4,882.99)"
16,1213,1455 East Georgia,2025-09-01,Payment/Draw,24011,First Mortgage Payable (2)," (3,894.99)"
16,1213,1455 East Georgia,2025-10-01,Payment/Draw,24011,First Mortgage Payable (2)," (6,444.80)"
16,1213,1455 East Georgia,2025-11-01,Payment/Draw,24011,First Mortgage Payable (2)," (4,960.24)"
16,1213,1455 East Georgia,2025-12-01,Payment/Draw,24011,First Mortgage Payable (2)," (4,985.41)"
16,1213,1455 East Georgia,2026-01-01,Payment/Draw,24011,First Mortgage Payable (2)," (5,513.78)"
16,1213,1455 East Georgia,2026-02-01,Payment/Draw,24011,First Mortgage Payable (2)," (4,034.35)"
16,1213,1455 East Georgia,2026-03-01,Payment/Draw,24011,First Mortgage Payable (2)," (6,563.69)"
16,1213,1455 East Georgia,2026-04-01,Payment/Draw,24011,First Mortgage Payable (2)," (6,093.34)"
16,1213,1455 East Georgia,2026-05-01,Payment/Draw,24011,First Mortgage Payable (2)," (5,622.83)"
16,1213,1455 East Georgia,2026-06-01,Payment/Draw,24011,First Mortgage Payable (2)," (4,654.51)"
7,1204,868 East Hastings,2023-01-01,Payment/Draw,24011,First Mortgage Payable (2)," (2,090.35)"
7,1204,868 East Hastings,2023-02-01,Payment/Draw,24011,First Mortgage Payable (2)," (2,276.76)"
7,1204,868 East Hastings,2023-03-01,Payment/Draw,24011,First Mortgage Payable (2)," (2,102.73)"
7,1204,868 East Hastings,2023-04-01,Payment/Draw,24011,First Mortgage Payable (2)," (2,168.45)"
7,1204,868 East Hastings,2023-05-01,Payment/Draw,24011,First Mortgage Payable (2)," (2,114.83)"
7,1204,868 East Hastings,2023-06-01,Payment/Draw,24011,First Mortgage Payable (2)," (2,180.20)"
7,1204,868 East Hastings,2023-07-01,Payment/Draw,24011,First Mortgage Payable (2)," (2,127.00)"
7,1204,868 East Hastings,2023-08-01,Payment/Draw,24011,First Mortgage Payable (2)," (644,257.71)"
3,1103,780 East Cordova,2026-01-01,Payment/Draw,24011,First Mortgage Payable (2)," (6,284.27)"
3,1103,780 East Cordova,2026-02-01,Payment/Draw,24011,First Mortgage Payable (2)," (4,598.11)"
3,1103,780 East Cordova,2026-03-01,Payment/Draw,24011,First Mortgage Payable (2)," (7,480.89)"
3,1103,780 East Cordova,2026-04-01,Payment/Draw,24011,First Mortgage Payable (2)," (6,944.81)"
3,1103,780 East Cordova,2026-05-01,Payment/Draw,24011,First Mortgage Payable (2)," (6,408.56)"
3,1103,780 East Cordova,2026-06-01,Payment/Draw,24011,First Mortgage Payable (2)," (5,303.09)"
28,1404,3157 Grandview,2025-04-01,Payment/Draw,24011,First Mortgage Payable (2)," (16,419.20)"
28,1404,3157 Grandview,2025-05-01,Payment/Draw,24011,First Mortgage Payable (2)," (18,253.41)"
28,1404,3157 Grandview,2025-06-01,Payment/Draw,24011,First Mortgage Payable (2)," (13,099.35)"
28,1404,3157 Grandview,2025-07-01,Payment/Draw,24011,First Mortgage Payable (2)," (21,898.89)"
28,1404,3157 Grandview,2025-08-01,Payment/Draw,24011,First Mortgage Payable (2)," (16,772.75)"
28,1404,3157 Grandview,2025-09-01,Payment/Draw,24011,First Mortgage Payable (2)," (13,379.02)"
28,1404,3157 Grandview,2025-10-01,Payment/Draw,24011,First Mortgage Payable (2)," (22,137.47)"
28,1404,3157 Grandview,2025-11-01,Payment/Draw,24011,First Mortgage Payable (2)," (17,038.10)"
28,1404,3157 Grandview,2025-12-01,Payment/Draw,24011,First Mortgage Payable (2)," (17,124.57)"
28,1404,3157 Grandview,2026-01-01,Payment/Draw,24011,First Mortgage Payable (2)," (18,939.49)"
28,1404,3157 Grandview,2026-02-01,Payment/Draw,24011,First Mortgage Payable (2)," (13,857.74)"
28,1404,3157 Grandview,2026-03-01,Payment/Draw,24011,First Mortgage Payable (2)," (22,545.85)"
28,1404,3157 Grandview,2026-04-01,Payment/Draw,24011,First Mortgage Payable (2)," (20,930.23)"
28,1404,3157 Grandview,2026-05-01,Payment/Draw,24011,First Mortgage Payable (2)," (19,314.06)"
28,1404,3157 Grandview,2026-06-01,Payment/Draw,24011,First Mortgage Payable (2)," (15,985.59)"
28,1404,3157 Grandview,2023-09-01,Payment/Draw,24011,First Mortgage Payable (2)," (11,291.47)"
28,1404,3157 Grandview,2023-10-01,Payment/Draw,24011,First Mortgage Payable (2)," (20,357.59)"
28,1404,3157 Grandview,2023-11-01,Payment/Draw,24011,First Mortgage Payable (2)," (16,855.52)"
28,1404,3157 Grandview,2023-12-01,Payment/Draw,24011,First Mortgage Payable (2)," (11,553.49)"
28,1404,3157 Grandview,2024-01-01,Payment/Draw,24011,First Mortgage Payable (2)," (18,788.08)"
28,1404,3157 Grandview,2024-02-01,Payment/Draw,24011,First Mortgage Payable (2)," (18,877.27)"
28,1404,3157 Grandview,2024-03-01,Payment/Draw,24011,First Mortgage Payable (2)," (13,606.25)"
28,1404,3157 Grandview,2024-04-01,Payment/Draw,24011,First Mortgage Payable (2)," (19,031.48)"
28,1404,3157 Grandview,2024-05-01,Payment/Draw,24011,First Mortgage Payable (2)," (15,558.76)"
28,1404,3157 Grandview,2024-07-01,Payment/Draw,24011,First Mortgage Payable (2)," (13,857.49)"
28,1404,3157 Grandview,2024-08-01,Payment/Draw,24011,First Mortgage Payable (2)," (19,259.77)"
28,1404,3157 Grandview,2024-09-01,Payment/Draw,24011,First Mortgage Payable (2)," (10,484.15)"
28,1404,3157 Grandview,2024-10-01,Payment/Draw,24011,First Mortgage Payable (2)," (22,944.36)"
28,1404,3157 Grandview,2024-11-01,Payment/Draw,24011,First Mortgage Payable (2)," (15,974.02)"
28,1404,3157 Grandview,2024-12-01,Payment/Draw,24011,First Mortgage Payable (2)," (14,289.76)"
28,1404,3157 Grandview,2023-08-01,Payment/Draw,24011,First Mortgage Payable (2)," 11,013,377.14 "
28,1404,3157 Grandview,2025-01-01,Payment/Draw,24011,First Mortgage Payable (2)," (19,653.56)"
28,1404,3157 Grandview,2025-02-01,Payment/Draw,24011,First Mortgage Payable (2)," (16,227.33)"
24,1307,895 East Hastings,2023-09-01,Payment/Draw,24011,First Mortgage Payable (2)," (1,616.92)"
24,1307,895 East Hastings,2023-10-01,Payment/Draw,24011,First Mortgage Payable (2)," (2,915.17)"
24,1307,895 East Hastings,2023-11-01,Payment/Draw,24011,First Mortgage Payable (2)," (2,413.68)"
24,1307,895 East Hastings,2023-12-01,Payment/Draw,24011,First Mortgage Payable (2)," (1,654.44)"
24,1307,895 East Hastings,2024-01-01,Payment/Draw,24011,First Mortgage Payable (2)," (2,690.42)"
24,1307,895 East Hastings,2024-02-01,Payment/Draw,24011,First Mortgage Payable (2)," (2,703.19)"
24,1307,895 East Hastings,2024-03-01,Payment/Draw,24011,First Mortgage Payable (2)," (1,948.39)"
24,1307,895 East Hastings,2024-04-01,Payment/Draw,24011,First Mortgage Payable (2)," (2,725.27)"
24,1307,895 East Hastings,2024-05-01,Payment/Draw,24011,First Mortgage Payable (2)," (2,227.98)"
24,1307,895 East Hastings,2024-07-01,Payment/Draw,24011,First Mortgage Payable (2)," (1,983.67)"
24,1307,895 East Hastings,2024-08-01,Payment/Draw,24011,First Mortgage Payable (2)," (2,756.99)"
24,1307,895 East Hastings,2024-09-01,Payment/Draw,24011,First Mortgage Payable (2)," (1,500.78)"
24,1307,895 East Hastings,2024-10-01,Payment/Draw,24011,First Mortgage Payable (2)," (3,284.43)"
24,1307,895 East Hastings,2024-11-01,Payment/Draw,24011,First Mortgage Payable (2)," (2,286.64)"
24,1307,895 East Hastings,2024-12-01,Payment/Draw,24011,First Mortgage Payable (2)," (2,045.55)"
24,1307,895 East Hastings,2025-01-01,Payment/Draw,24011,First Mortgage Payable (2)," (2,813.36)"
24,1307,895 East Hastings,2025-02-01,Payment/Draw,24011,First Mortgage Payable (2)," (2,322.91)"
24,1307,895 East Hastings,2025-03-01,Payment/Draw,24011,First Mortgage Payable (2)," (3,089.27)"
24,1307,895 East Hastings,2025-04-01,Payment/Draw,24011,First Mortgage Payable (2)," (2,350.37)"
24,1307,895 East Hastings,2025-05-01,Payment/Draw,24011,First Mortgage Payable (2)," (2,612.93)"
24,1307,895 East Hastings,2025-06-01,Payment/Draw,24011,First Mortgage Payable (2)," (1,875.14)"
24,1307,895 East Hastings,2025-07-01,Payment/Draw,24011,First Mortgage Payable (2)," (3,134.78)"
24,1307,895 East Hastings,2025-08-01,Payment/Draw,24011,First Mortgage Payable (2)," (2,400.98)"
24,1307,895 East Hastings,2025-09-01,Payment/Draw,24011,First Mortgage Payable (2)," (1,915.18)"
24,1307,895 East Hastings,2025-10-01,Payment/Draw,24011,First Mortgage Payable (2)," (3,168.93)"
24,1307,895 East Hastings,2025-11-01,Payment/Draw,24011,First Mortgage Payable (2)," (2,438.97)"
24,1307,895 East Hastings,2025-12-01,Payment/Draw,24011,First Mortgage Payable (2)," (2,451.34)"
24,1307,895 East Hastings,2026-01-01,Payment/Draw,24011,First Mortgage Payable (2)," (2,711.14)"
24,1307,895 East Hastings,2026-02-01,Payment/Draw,24011,First Mortgage Payable (2)," (1,983.70)"
24,1307,895 East Hastings,2026-03-01,Payment/Draw,24011,First Mortgage Payable (2)," (3,227.39)"
24,1307,895 East Hastings,2026-04-01,Payment/Draw,24011,First Mortgage Payable (2)," (2,996.12)"
24,1307,895 East Hastings,2026-05-01,Payment/Draw,24011,First Mortgage Payable (2)," (2,764.76)"
24,1307,895 East Hastings,2026-06-01,Payment/Draw,24011,First Mortgage Payable (2)," (2,289.11)"
24,1307,895 East Hastings,2023-01-01,Payment/Draw,24011,First Mortgage Payable (2)," (6,032.16)"
24,1307,895 East Hastings,2023-02-01,Payment/Draw,24011,First Mortgage Payable (2)," (6,570.07)"
24,1307,895 East Hastings,2023-03-01,Payment/Draw,24011,First Mortgage Payable (2)," (6,067.87)"
24,1307,895 East Hastings,2023-04-01,Payment/Draw,24011,First Mortgage Payable (2)," (6,257.53)"
24,1307,895 East Hastings,2023-05-01,Payment/Draw,24011,First Mortgage Payable (2)," (6,102.80)"
24,1307,895 East Hastings,2023-06-01,Payment/Draw,24011,First Mortgage Payable (2)," (6,291.43)"
24,1307,895 East Hastings,2023-07-01,Payment/Draw,24011,First Mortgage Payable (2)," (6,137.93)"
46,1505,708 East 26th - Residential,2023-05-01,Payment/Draw,24011,First Mortgage Payable (2)," (14,018.32)"
46,1505,708 East 26th - Residential,2023-06-01,Payment/Draw,24011,First Mortgage Payable (2)," (14,451.61)"
46,1505,708 East 26th - Residential,2023-07-01,Payment/Draw,24011,First Mortgage Payable (2)," (14,099.00)"
46,1505,708 East 26th - Residential,2023-08-01,Payment/Draw,24011,First Mortgage Payable (2)," (4,270,508.19)"
46,1505,708 East 26th - Residential,2023-01-01,Payment/Draw,24011,First Mortgage Payable (2)," (13,856.05)"
46,1505,708 East 26th - Residential,2023-02-01,Payment/Draw,24011,First Mortgage Payable (2)," (15,091.64)"
46,1505,708 East 26th - Residential,2023-03-01,Payment/Draw,24011,First Mortgage Payable (2)," (13,938.09)"
32,1503,1 Alexander,2023-01-01,Payment/Draw,24011,First Mortgage Payable (2)," (34,042.87)"
32,1503,1 Alexander,2023-02-01,Payment/Draw,24011,First Mortgage Payable (2)," (37,078.61)"
32,1503,1 Alexander,2023-03-01,Payment/Draw,24011,First Mortgage Payable (2)," (34,244.43)"
32,1503,1 Alexander,2023-04-01,Payment/Draw,24011,First Mortgage Payable (2)," (35,314.79)"
32,1503,1 Alexander,2023-05-01,Payment/Draw,24011,First Mortgage Payable (2)," (34,441.56)"
32,1503,1 Alexander,2023-06-01,Payment/Draw,24011,First Mortgage Payable (2)," (35,506.10)"
32,1503,1 Alexander,2023-07-01,Payment/Draw,24011,First Mortgage Payable (2)," (34,639.79)"
32,1503,1 Alexander,2023-08-01,Payment/Draw,24011,First Mortgage Payable (2)," (10,492,196.88)"
59,1505,708 East 26th Funding Entity,2023-12-01,Payment/Draw,24011,First Mortgage Payable (2)," (4,749.62)"
46,1505,708 East 26th - Residential,2023-04-01,Payment/Draw,24011,First Mortgage Payable (2)," (14,373.74)"
28,1404,3157 Grandview,2025-03-01,Payment/Draw,24011,First Mortgage Payable (2)," (21,581.01)"
24,1307,895 East Hastings,2023-08-01,Payment/Draw,24011,First Mortgage Payable (2)," (282,049.08)"
3,1103,780 East Cordova,2025-12-01,Payment/Draw,24011,First Mortgage Payable (2)," (5,682.06)"
2,1102,333 East Broadway,2023-07-01,Payment/Draw,24011,First Mortgage Payable (2)," (12,863.32)"
59,1505,708 East 26th Funding Entity,2024-01-01,Payment/Draw,24011,First Mortgage Payable (2)," (7,723.74)"
59,1505,708 East 26th Funding Entity,2024-02-01,Payment/Draw,24011,First Mortgage Payable (2)," (7,760.41)"
59,1505,708 East 26th Funding Entity,2024-03-01,Payment/Draw,24011,First Mortgage Payable (2)," (5,593.50)"
59,1505,708 East 26th Funding Entity,2024-04-01,Payment/Draw,24011,First Mortgage Payable (2)," (7,823.80)"
59,1505,708 East 26th Funding Entity,2024-05-01,Payment/Draw,24011,First Mortgage Payable (2)," (6,396.16)"
59,1505,708 East 26th Funding Entity,2024-07-01,Payment/Draw,24011,First Mortgage Payable (2)," (5,700.85)"
59,1505,708 East 26th Funding Entity,2024-08-01,Payment/Draw,24011,First Mortgage Payable (2)," (7,923.29)"
59,1505,708 East 26th Funding Entity,2024-09-01,Payment/Draw,24011,First Mortgage Payable (2)," (4,313.10)"
59,1505,708 East 26th Funding Entity,2024-10-01,Payment/Draw,24011,First Mortgage Payable (2)," (9,439.09)"
59,1505,708 East 26th Funding Entity,2024-11-01,Payment/Draw,24011,First Mortgage Payable (2)," (6,571.57)"
59,1505,708 East 26th Funding Entity,2024-12-01,Payment/Draw,24011,First Mortgage Payable (2)," (5,878.67)"
59,1505,708 East 26th Funding Entity,2025-01-01,Payment/Draw,24011,First Mortgage Payable (2)," (8,085.30)"
59,1505,708 East 26th Funding Entity,2025-02-01,Payment/Draw,24011,First Mortgage Payable (2)," (6,675.78)"
59,1505,708 East 26th Funding Entity,2025-03-01,Payment/Draw,24011,First Mortgage Payable (2)," (8,878.23)"
59,1505,708 East 26th Funding Entity,2025-04-01,Payment/Draw,24011,First Mortgage Payable (2)," (6,754.70)"
59,1505,708 East 26th Funding Entity,2025-05-01,Payment/Draw,24011,First Mortgage Payable (2)," (7,509.28)"
59,1505,708 East 26th Funding Entity,2025-06-01,Payment/Draw,24011,First Mortgage Payable (2)," (5,388.94)"
59,1505,708 East 26th Funding Entity,2025-07-01,Payment/Draw,24011,First Mortgage Payable (2)," (9,009.00)"
59,1505,708 East 26th Funding Entity,2025-08-01,Payment/Draw,24011,First Mortgage Payable (2)," (6,900.16)"
59,1505,708 East 26th Funding Entity,2025-09-01,Payment/Draw,24011,First Mortgage Payable (2)," (5,504.00)"
59,1505,708 East 26th Funding Entity,2025-10-01,Payment/Draw,24011,First Mortgage Payable (2)," (9,107.15)"
59,1505,708 East 26th Funding Entity,2025-11-01,Payment/Draw,24011,First Mortgage Payable (2)," (7,009.32)"
59,1505,708 East 26th Funding Entity,2025-12-01,Payment/Draw,24011,First Mortgage Payable (2)," (7,044.89)"
59,1505,708 East 26th Funding Entity,2026-01-01,Payment/Draw,24011,First Mortgage Payable (2)," (7,791.54)"
59,1505,708 East 26th Funding Entity,2026-02-01,Payment/Draw,24011,First Mortgage Payable (2)," (5,700.95)"
59,1505,708 East 26th Funding Entity,2026-03-01,Payment/Draw,24011,First Mortgage Payable (2)," (9,275.16)"
59,1505,708 East 26th Funding Entity,2026-04-01,Payment/Draw,24011,First Mortgage Payable (2)," (8,610.51)"
59,1505,708 East 26th Funding Entity,2026-05-01,Payment/Draw,24011,First Mortgage Payable (2)," (7,945.63)"
59,1505,708 East 26th Funding Entity,2026-06-01,Payment/Draw,24011,First Mortgage Payable (2)," (6,571.64)"
59,1505,708 East 26th Funding Entity,2023-08-01,Payment/Draw,24011,First Mortgage Payable (2)," 4,527,575.69 "
59,1505,708 East 26th Funding Entity,2023-09-01,Payment/Draw,24011,First Mortgage Payable (2)," (4,641.90)"
59,1505,708 East 26th Funding Entity,2023-10-01,Payment/Draw,24011,First Mortgage Payable (2)," (8,368.96)"
59,1505,708 East 26th Funding Entity,2023-11-01,Payment/Draw,24011,First Mortgage Payable (2)," (6,929.27)"
48,1000,Low Tide Properties Ltd,2023-01-01,Payment/Draw,24011,First Mortgage Payable (2), 264.24 
48,1000,Low Tide Properties Ltd,2023-02-01,Payment/Draw,24011,First Mortgage Payable (2)," 8,338.50 "
48,1000,Low Tide Properties Ltd,2023-03-01,Payment/Draw,24011,First Mortgage Payable (2)," (7,784.86)"
48,1000,Low Tide Properties Ltd,2023-04-01,Payment/Draw,24011,First Mortgage Payable (2)," 2,940.04 "
48,1000,Low Tide Properties Ltd,2023-05-01,Payment/Draw,24011,First Mortgage Payable (2)," (2,398.60)"
48,1000,Low Tide Properties Ltd,2023-06-01,Payment/Draw,24011,First Mortgage Payable (2)," 2,924.06 "
48,1000,Low Tide Properties Ltd,2023-07-01,Payment/Draw,24011,First Mortgage Payable (2)," (2,379.56)"
48,1000,Low Tide Properties Ltd,2023-08-01,Payment/Draw,24011,First Mortgage Payable (2)," (95,148.02)"
48,1000,Low Tide Properties Ltd,2023-09-01,Payment/Draw,24011,First Mortgage Payable (2)," 28,707.02 "
48,1000,Low Tide Properties Ltd,2023-10-01,Payment/Draw,24011,First Mortgage Payable (2)," (28,707.02)"
48,1000,Low Tide Properties Ltd,2023-11-01,Payment/Draw,24011,First Mortgage Payable (2), 0.01 
48,1000,Low Tide Properties Ltd,2023-12-01,Payment/Draw,24011,First Mortgage Payable (2)," 29,373.17 "
48,1000,Low Tide Properties Ltd,2024-01-01,Payment/Draw,24011,First Mortgage Payable (2)," (29,373.17)"
48,1000,Low Tide Properties Ltd,2024-03-01,Payment/Draw,24011,First Mortgage Payable (2)," 34,592.03 "
48,1000,Low Tide Properties Ltd,2024-04-01,Payment/Draw,24011,First Mortgage Payable (2)," (34,592.03)"
48,1000,Low Tide Properties Ltd,2024-12-01,Payment/Draw,24011,First Mortgage Payable (2), 0.04 
47,1505,708 East 26th - Commercial,2023-01-01,Payment/Draw,24011,First Mortgage Payable (2)," (2,070.44)"
47,1505,708 East 26th - Commercial,2023-02-01,Payment/Draw,24011,First Mortgage Payable (2)," (2,255.07)"
47,1505,708 East 26th - Commercial,2023-03-01,Payment/Draw,24011,First Mortgage Payable (2)," (2,082.70)"
47,1505,708 East 26th - Commercial,2023-04-01,Payment/Draw,24011,First Mortgage Payable (2)," (2,147.80)"
47,1505,708 East 26th - Commercial,2023-05-01,Payment/Draw,24011,First Mortgage Payable (2)," (2,094.69)"
47,1505,708 East 26th - Commercial,2023-06-01,Payment/Draw,24011,First Mortgage Payable (2)," (2,159.44)"
47,1505,708 East 26th - Commercial,2023-07-01,Payment/Draw,24011,First Mortgage Payable (2)," (2,106.75)"
47,1505,708 East 26th - Commercial,2023-08-01,Payment/Draw,24011,First Mortgage Payable (2)," (638,121.92)"
1446,2401,2315 West 4th,2026-01-01,Payment/Draw,24020,Second Mortgage Payable," (1,277,777.78)"
1446,2401,2315 West 4th,2026-02-01,Payment/Draw,24020,Second Mortgage Payable," (277,777.78)"
1446,2401,2315 West 4th,2026-03-01,Payment/Draw,24020,Second Mortgage Payable," (277,777.78)"
1446,2401,2315 West 4th,2026-04-01,Payment/Draw,24020,Second Mortgage Payable," (277,777.78)"
1446,2401,2315 West 4th,2024-06-01,Payment/Draw,24020,Second Mortgage Payable," 11,000,000.00 "
2,1102,333 East Broadway,2025-10-01,Interest Expense,74010,Interest Expense First Mortgage," 19,622.03 "
2,1102,333 East Broadway,2025-11-01,Interest Expense,74010,Interest Expense First Mortgage," 18,958.51 "
2,1102,333 East Broadway,2025-12-01,Interest Expense,74010,Interest Expense First Mortgage," 19,559.75 "
2,1102,333 East Broadway,2023-03-01,Interest Expense,74010,Interest Expense First Mortgage," 32,697.92 "
2,1102,333 East Broadway,2024-01-01,Interest Expense,74010,Interest Expense First Mortgage," 18,987.43 "
2,1102,333 East Broadway,2025-01-01,Interest Expense,74010,Interest Expense First Mortgage," 19,918.05 "
2,1102,333 East Broadway,2026-01-01,Interest Expense,74010,Interest Expense First Mortgage," 19,523.64 "
3,1103,780 East Cordova,2023-07-01,Interest Expense,74010,Interest Expense First Mortgage," 10,659.65 "
3,1103,780 East Cordova,2023-08-01,Interest Expense,74010,Interest Expense First Mortgage," 10,624.93 "
3,1103,780 East Cordova,2023-09-01,Interest Expense,74010,Interest Expense First Mortgage," 19,393.41 "
3,1103,780 East Cordova,2023-10-01,Interest Expense,74010,Interest Expense First Mortgage," 16,729.34 "
3,1103,780 East Cordova,2023-11-01,Interest Expense,74010,Interest Expense First Mortgage," 17,891.13 "
3,1103,780 East Cordova,2023-12-01,Interest Expense,74010,Interest Expense First Mortgage," 19,650.04 "
3,1103,780 East Cordova,2024-02-01,Interest Expense,74010,Interest Expense First Mortgage," 17,220.43 "
3,1103,780 East Cordova,2024-03-01,Interest Expense,74010,Interest Expense First Mortgage," 18,969.05 "
3,1103,780 East Cordova,2024-04-01,Interest Expense,74010,Interest Expense First Mortgage," 17,169.27 "
3,1103,780 East Cordova,2024-05-01,Interest Expense,74010,Interest Expense First Mortgage," 18,321.32 "
3,1103,780 East Cordova,2024-06-01,Interest Expense,74010,Interest Expense First Mortgage," 17,706.89 "
3,1103,780 East Cordova,2024-07-01,Interest Expense,74010,Interest Expense First Mortgage," 18,275.29 "
3,1103,780 East Cordova,2024-08-01,Interest Expense,74010,Interest Expense First Mortgage," 18,241.36 "
3,1103,780 East Cordova,2024-09-01,Interest Expense,74010,Interest Expense First Mortgage," 17,637.55 "
3,1103,780 East Cordova,2024-10-01,Interest Expense,74010,Interest Expense First Mortgage," 18,185.07 "
3,1103,780 East Cordova,2024-11-01,Interest Expense,74010,Interest Expense First Mortgage," 17,572.42 "
3,1103,780 East Cordova,2024-12-01,Interest Expense,74010,Interest Expense First Mortgage," 18,135.66 "
3,1103,780 East Cordova,2025-02-01,Interest Expense,74010,Interest Expense First Mortgage," 16,324.63 "
3,1103,780 East Cordova,2025-03-01,Interest Expense,74010,Interest Expense First Mortgage," 18,037.36 "
3,1103,780 East Cordova,2025-04-01,Interest Expense,74010,Interest Expense First Mortgage," 17,428.75 "
3,1103,780 East Cordova,2025-05-01,Interest Expense,74010,Interest Expense First Mortgage," 17,978.97 "
3,1103,780 East Cordova,2025-06-01,Interest Expense,74010,Interest Expense First Mortgage," 17,379.08 "
3,1103,780 East Cordova,2025-07-01,Interest Expense,74010,Interest Expense First Mortgage," 17,920.04 "
3,1103,780 East Cordova,2025-08-01,Interest Expense,74010,Interest Expense First Mortgage," 17,891.80 "
3,1103,780 East Cordova,2025-09-01,Interest Expense,74010,Interest Expense First Mortgage," 17,294.30 "
3,1103,780 East Cordova,2025-10-01,Interest Expense,74010,Interest Expense First Mortgage," 17,832.00 "
3,1103,780 East Cordova,2025-11-01,Interest Expense,74010,Interest Expense First Mortgage," 17,229.01 "
3,1103,780 East Cordova,2025-12-01,Interest Expense,74010,Interest Expense First Mortgage," 17,775.40 "
3,1103,780 East Cordova,2024-01-01,Interest Expense,74010,Interest Expense First Mortgage," 17,250.02 "
3,1103,780 East Cordova,2025-01-01,Interest Expense,74010,Interest Expense First Mortgage," 18,101.02 "
3,1103,780 East Cordova,2026-01-01,Interest Expense,74010,Interest Expense First Mortgage," 17,742.58 "
63,1603,565 Great Northern Way,2023-12-01,Interest Expense,74010,Interest Expense First Mortgage," 219,868.60 "
63,1603,565 Great Northern Way,2024-02-01,Interest Expense,74010,Interest Expense First Mortgage," 218,646.45 "
63,1603,565 Great Northern Way,2024-03-01,Interest Expense,74010,Interest Expense First Mortgage," 218,032.47 "
63,1603,565 Great Northern Way,2024-04-01,Interest Expense,74010,Interest Expense First Mortgage," 217,416.56 "
63,1603,565 Great Northern Way,2024-05-01,Interest Expense,74010,Interest Expense First Mortgage," 216,798.71 "
63,1603,565 Great Northern Way,2024-06-01,Interest Expense,74010,Interest Expense First Mortgage," 216,178.90 "
63,1603,565 Great Northern Way,2024-07-01,Interest Expense,74010,Interest Expense First Mortgage," 215,557.13 "
63,1603,565 Great Northern Way,2024-08-01,Interest Expense,74010,Interest Expense First Mortgage," 214,933.40 "
63,1603,565 Great Northern Way,2024-09-01,Interest Expense,74010,Interest Expense First Mortgage," 214,307.71 "
63,1603,565 Great Northern Way,2024-10-01,Interest Expense,74010,Interest Expense First Mortgage," 213,680.03 "
63,1603,565 Great Northern Way,2024-11-01,Interest Expense,74010,Interest Expense First Mortgage," 213,050.37 "
63,1603,565 Great Northern Way,2024-12-01,Interest Expense,74010,Interest Expense First Mortgage," 212,418.73 "
63,1603,565 Great Northern Way,2026-02-01,Interest Expense,74010,Interest Expense First Mortgage," 203,363.32 "
63,1603,565 Great Northern Way,2026-03-01,Interest Expense,74010,Interest Expense First Mortgage," 202,701.08 "
63,1603,565 Great Northern Way,2026-04-01,Interest Expense,74010,Interest Expense First Mortgage," 202,036.75 "
63,1603,565 Great Northern Way,2026-05-01,Interest Expense,74010,Interest Expense First Mortgage," 201,370.32 "
63,1603,565 Great Northern Way,2026-06-01,Interest Expense,74010,Interest Expense First Mortgage," 200,701.79 "
63,1603,565 Great Northern Way,2026-07-01,Interest Expense,74010,Interest Expense First Mortgage," 200,031.14 "
63,1603,565 Great Northern Way,2023-01-01,Interest Expense,74010,Interest Expense First Mortgage," 226,454.37 "
63,1603,565 Great Northern Way,2024-01-01,Interest Expense,74010,Interest Expense First Mortgage," 219,258.48 "
63,1603,565 Great Northern Way,2026-01-01,Interest Expense,74010,Interest Expense First Mortgage," 204,023.48 "
63,1603,565 Great Northern Way,2025-02-01,Interest Expense,74010,Interest Expense First Mortgage," 211,149.45 "
63,1603,565 Great Northern Way,2025-03-01,Interest Expense,74010,Interest Expense First Mortgage," 210,511.80 "
63,1603,565 Great Northern Way,2025-04-01,Interest Expense,74010,Interest Expense First Mortgage," 209,872.13 "
63,1603,565 Great Northern Way,2025-05-01,Interest Expense,74010,Interest Expense First Mortgage," 209,230.45 "
63,1603,565 Great Northern Way,2025-06-01,Interest Expense,74010,Interest Expense First Mortgage," 208,586.74 "
63,1603,565 Great Northern Way,2025-07-01,Interest Expense,74010,Interest Expense First Mortgage," 207,940.99 "
63,1603,565 Great Northern Way,2025-08-01,Interest Expense,74010,Interest Expense First Mortgage," 207,293.21 "
63,1603,565 Great Northern Way,2025-09-01,Interest Expense,74010,Interest Expense First Mortgage," 206,643.38 "
63,1603,565 Great Northern Way,2025-10-01,Interest Expense,74010,Interest Expense First Mortgage," 205,991.50 "
63,1603,565 Great Northern Way,2025-11-01,Interest Expense,74010,Interest Expense First Mortgage," 205,337.56 "
63,1603,565 Great Northern Way,2025-12-01,Interest Expense,74010,Interest Expense First Mortgage," 204,681.56 "
63,1603,565 Great Northern Way,2025-01-01,Interest Expense,74010,Interest Expense First Mortgage," 211,785.09 "
63,1603,565 Great Northern Way,2023-02-01,Interest Expense,74010,Interest Expense First Mortgage," 225,865.06 "
63,1603,565 Great Northern Way,2023-03-01,Interest Expense,74010,Interest Expense First Mortgage," 225,273.89 "
63,1603,565 Great Northern Way,2023-04-01,Interest Expense,74010,Interest Expense First Mortgage," 224,680.85 "
63,1603,565 Great Northern Way,2023-05-01,Interest Expense,74010,Interest Expense First Mortgage," 224,085.93 "
63,1603,565 Great Northern Way,2023-06-01,Interest Expense,74010,Interest Expense First Mortgage," 223,489.14 "
63,1603,565 Great Northern Way,2023-07-01,Interest Expense,74010,Interest Expense First Mortgage," 222,890.46 "
63,1603,565 Great Northern Way,2023-08-01,Interest Expense,74010,Interest Expense First Mortgage," 222,289.90 "
63,1603,565 Great Northern Way,2023-09-01,Interest Expense,74010,Interest Expense First Mortgage," 221,687.43 "
63,1603,565 Great Northern Way,2023-10-01,Interest Expense,74010,Interest Expense First Mortgage," 221,083.06 "
63,1603,565 Great Northern Way,2023-11-01,Interest Expense,74010,Interest Expense First Mortgage," 220,476.79 "
2,1102,333 East Broadway,2026-02-01,Interest Expense,74010,Interest Expense First Mortgage," 17,612.72 "
2,1102,333 East Broadway,2026-03-01,Interest Expense,74010,Interest Expense First Mortgage," 19,458.88 "
2,1102,333 East Broadway,2026-04-01,Interest Expense,74010,Interest Expense First Mortgage," 18,791.04 "
2,1102,333 East Broadway,2026-05-01,Interest Expense,74010,Interest Expense First Mortgage," 20,010.77 "
2,1102,333 East Broadway,2026-06-01,Interest Expense,74010,Interest Expense First Mortgage," 18,107.05 "
2,1102,333 East Broadway,2023-04-01,Interest Expense,74010,Interest Expense First Mortgage," 10,827.70 "
2,1102,333 East Broadway,2023-05-01,Interest Expense,74010,Interest Expense First Mortgage," 11,151.97 "
2,1102,333 East Broadway,2023-06-01,Interest Expense,74010,Interest Expense First Mortgage," 10,756.66 "
2,1102,333 East Broadway,2023-07-01,Interest Expense,74010,Interest Expense First Mortgage," 11,078.36 "
2,1102,333 East Broadway,2023-08-01,Interest Expense,74010,Interest Expense First Mortgage," 11,042.27 "
2,1102,333 East Broadway,2023-09-01,Interest Expense,74010,Interest Expense First Mortgage," 21,367.82 "
2,1102,333 East Broadway,2023-10-01,Interest Expense,74010,Interest Expense First Mortgage," 18,414.31 "
2,1102,333 East Broadway,2023-11-01,Interest Expense,74010,Interest Expense First Mortgage," 19,693.11 "
2,1102,333 East Broadway,2023-12-01,Interest Expense,74010,Interest Expense First Mortgage," 21,629.18 "
2,1102,333 East Broadway,2024-02-01,Interest Expense,74010,Interest Expense First Mortgage," 18,954.86 "
2,1102,333 East Broadway,2024-03-01,Interest Expense,74010,Interest Expense First Mortgage," 20,879.60 "
2,1102,333 East Broadway,2024-04-01,Interest Expense,74010,Interest Expense First Mortgage," 18,898.55 "
2,1102,333 East Broadway,2024-05-01,Interest Expense,74010,Interest Expense First Mortgage," 20,166.63 "
2,1102,333 East Broadway,2024-06-01,Interest Expense,74010,Interest Expense First Mortgage," 19,484.36 "
2,1102,333 East Broadway,2024-07-01,Interest Expense,74010,Interest Expense First Mortgage," 20,109.82 "
2,1102,333 East Broadway,2024-08-01,Interest Expense,74010,Interest Expense First Mortgage," 20,072.48 "
2,1102,333 East Broadway,2024-09-01,Interest Expense,74010,Interest Expense First Mortgage," 19,408.06 "
2,1102,333 East Broadway,2024-10-01,Interest Expense,74010,Interest Expense First Mortgage," 20,010.54 "
2,1102,333 East Broadway,2024-11-01,Interest Expense,74010,Interest Expense First Mortgage," 19,336.40 "
2,1102,333 East Broadway,2024-12-01,Interest Expense,74010,Interest Expense First Mortgage," 19,956.17 "
2,1102,333 East Broadway,2025-02-01,Interest Expense,74010,Interest Expense First Mortgage," 17,963.34 "
2,1102,333 East Broadway,2025-03-01,Interest Expense,74010,Interest Expense First Mortgage," 19,848.00 "
2,1102,333 East Broadway,2025-04-01,Interest Expense,74010,Interest Expense First Mortgage," 19,178.30 "
2,1102,333 East Broadway,2025-05-01,Interest Expense,74010,Interest Expense First Mortgage," 19,783.76 "
2,1102,333 East Broadway,2025-06-01,Interest Expense,74010,Interest Expense First Mortgage," 19,123.65 "
2,1102,333 East Broadway,2025-07-01,Interest Expense,74010,Interest Expense First Mortgage," 19,718.91 "
2,1102,333 East Broadway,2025-08-01,Interest Expense,74010,Interest Expense First Mortgage," 19,687.84 "
2,1102,333 East Broadway,2025-09-01,Interest Expense,74010,Interest Expense First Mortgage," 19,030.35 "
14,1211,112 West Hastings,2025-11-01,Interest Expense,74010,Interest Expense First Mortgage," 7,980.88 "
14,1211,112 West Hastings,2025-12-01,Interest Expense,74010,Interest Expense First Mortgage," 7,955.61 "
14,1211,112 West Hastings,2023-01-01,Interest Expense,74010,Interest Expense First Mortgage," 8,789.86 "
14,1211,112 West Hastings,2024-01-01,Interest Expense,74010,Interest Expense First Mortgage," 8,514.12 "
14,1211,112 West Hastings,2025-01-01,Interest Expense,74010,Interest Expense First Mortgage," 8,229.03 "
14,1211,112 West Hastings,2026-02-01,Interest Expense,74010,Interest Expense First Mortgage," 7,904.81 "
14,1211,112 West Hastings,2026-03-01,Interest Expense,74010,Interest Expense First Mortgage," 7,879.29 "
14,1211,112 West Hastings,2026-04-01,Interest Expense,74010,Interest Expense First Mortgage," 7,853.68 "
14,1211,112 West Hastings,2026-05-01,Interest Expense,74010,Interest Expense First Mortgage," 7,827.98 "
14,1211,112 West Hastings,2026-06-01,Interest Expense,74010,Interest Expense First Mortgage," 7,800.40 "
14,1211,112 West Hastings,2026-01-01,Interest Expense,74010,Interest Expense First Mortgage," 7,930.26 "
13,1210,108/110 West Hastings,2024-09-01,Interest Expense,74010,Interest Expense First Mortgage," 5,723.08 "
13,1210,108/110 West Hastings,2024-10-01,Interest Expense,74010,Interest Expense First Mortgage," 5,706.50 "
13,1210,108/110 West Hastings,2024-11-01,Interest Expense,74010,Interest Expense First Mortgage," 5,689.86 "
13,1210,108/110 West Hastings,2024-12-01,Interest Expense,74010,Interest Expense First Mortgage," 5,673.17 "
13,1210,108/110 West Hastings,2025-02-01,Interest Expense,74010,Interest Expense First Mortgage," 5,639.62 "
13,1210,108/110 West Hastings,2025-03-01,Interest Expense,74010,Interest Expense First Mortgage," 5,622.77 "
13,1210,108/110 West Hastings,2025-04-01,Interest Expense,74010,Interest Expense First Mortgage," 5,605.85 "
13,1210,108/110 West Hastings,2025-05-01,Interest Expense,74010,Interest Expense First Mortgage," 5,588.88 "
13,1210,108/110 West Hastings,2025-06-01,Interest Expense,74010,Interest Expense First Mortgage," 5,571.85 "
13,1210,108/110 West Hastings,2025-07-01,Interest Expense,74010,Interest Expense First Mortgage," 5,554.77 "
13,1210,108/110 West Hastings,2025-08-01,Interest Expense,74010,Interest Expense First Mortgage," 5,537.63 "
13,1210,108/110 West Hastings,2025-09-01,Interest Expense,74010,Interest Expense First Mortgage," 5,520.43 "
13,1210,108/110 West Hastings,2025-10-01,Interest Expense,74010,Interest Expense First Mortgage," 5,503.17 "
13,1210,108/110 West Hastings,2025-11-01,Interest Expense,74010,Interest Expense First Mortgage," 5,485.86 "
13,1210,108/110 West Hastings,2025-12-01,Interest Expense,74010,Interest Expense First Mortgage," 5,468.49 "
13,1210,108/110 West Hastings,2023-01-01,Interest Expense,74010,Interest Expense First Mortgage," 6,049.49 "
13,1210,108/110 West Hastings,2024-01-01,Interest Expense,74010,Interest Expense First Mortgage," 5,859.72 "
13,1210,108/110 West Hastings,2025-01-01,Interest Expense,74010,Interest Expense First Mortgage," 5,656.43 "
13,1210,108/110 West Hastings,2026-01-01,Interest Expense,74010,Interest Expense First Mortgage," 5,451.06 "
13,1210,108/110 West Hastings,2026-02-01,Interest Expense,74010,Interest Expense First Mortgage," 5,433.57 "
13,1210,108/110 West Hastings,2026-03-01,Interest Expense,74010,Interest Expense First Mortgage," 5,416.02 "
13,1210,108/110 West Hastings,2026-04-01,Interest Expense,74010,Interest Expense First Mortgage," 5,398.42 "
13,1210,108/110 West Hastings,2026-05-01,Interest Expense,74010,Interest Expense First Mortgage," 5,380.76 "
13,1210,108/110 West Hastings,2026-06-01,Interest Expense,74010,Interest Expense First Mortgage," 5,368.51 "
13,1210,108/110 West Hastings,2023-06-01,Interest Expense,74010,Interest Expense First Mortgage," 5,971.34 "
13,1210,108/110 West Hastings,2023-07-01,Interest Expense,74010,Interest Expense First Mortgage," 5,955.56 "
13,1210,108/110 West Hastings,2023-08-01,Interest Expense,74010,Interest Expense First Mortgage," 5,939.72 "
13,1210,108/110 West Hastings,2023-09-01,Interest Expense,74010,Interest Expense First Mortgage," 5,923.82 "
13,1210,108/110 West Hastings,2023-10-01,Interest Expense,74010,Interest Expense First Mortgage," 5,907.88 "
13,1210,108/110 West Hastings,2023-11-01,Interest Expense,74010,Interest Expense First Mortgage," 5,891.88 "
13,1210,108/110 West Hastings,2023-12-01,Interest Expense,74010,Interest Expense First Mortgage," 5,875.83 "
13,1210,108/110 West Hastings,2024-02-01,Interest Expense,74010,Interest Expense First Mortgage," 5,843.56 "
13,1210,108/110 West Hastings,2024-03-01,Interest Expense,74010,Interest Expense First Mortgage," 5,827.35 "
13,1210,108/110 West Hastings,2024-04-01,Interest Expense,74010,Interest Expense First Mortgage," 5,811.08 "
13,1210,108/110 West Hastings,2024-05-01,Interest Expense,74010,Interest Expense First Mortgage," 5,794.76 "
13,1210,108/110 West Hastings,2024-06-01,Interest Expense,74010,Interest Expense First Mortgage," 5,772.49 "
13,1210,108/110 West Hastings,2023-02-01,Interest Expense,74010,Interest Expense First Mortgage," 6,033.97 "
13,1210,108/110 West Hastings,2023-03-01,Interest Expense,74010,Interest Expense First Mortgage," 6,018.39 "
13,1210,108/110 West Hastings,2023-04-01,Interest Expense,74010,Interest Expense First Mortgage," 6,002.76 "
13,1210,108/110 West Hastings,2023-05-01,Interest Expense,74010,Interest Expense First Mortgage," 5,987.08 "
13,1210,108/110 West Hastings,2024-07-01,Interest Expense,74010,Interest Expense First Mortgage," 5,756.07 "
12,1209,900 Parker,2023-02-01,Interest Expense,74010,Interest Expense First Mortgage," 43,301.02 "
12,1209,900 Parker,2023-03-01,Interest Expense,74010,Interest Expense First Mortgage," 43,185.03 "
12,1209,900 Parker,2023-04-01,Interest Expense,74010,Interest Expense First Mortgage," 43,068.67 "
12,1209,900 Parker,2023-05-01,Interest Expense,74010,Interest Expense First Mortgage," 42,951.94 "
12,1209,900 Parker,2023-06-01,Interest Expense,74010,Interest Expense First Mortgage," 42,834.84 "
12,1209,900 Parker,2023-07-01,Interest Expense,74010,Interest Expense First Mortgage," 42,717.38 "
12,1209,900 Parker,2023-08-01,Interest Expense,74010,Interest Expense First Mortgage," 42,599.54 "
12,1209,900 Parker,2023-09-01,Interest Expense,74010,Interest Expense First Mortgage," 42,481.33 "
12,1209,900 Parker,2023-10-01,Interest Expense,74010,Interest Expense First Mortgage," 42,362.75 "
12,1209,900 Parker,2023-11-01,Interest Expense,74010,Interest Expense First Mortgage," 42,243.79 "
12,1209,900 Parker,2023-12-01,Interest Expense,74010,Interest Expense First Mortgage," 42,124.46 "
12,1209,900 Parker,2024-02-01,Interest Expense,74010,Interest Expense First Mortgage," 41,884.66 "
12,1209,900 Parker,2024-03-01,Interest Expense,74010,Interest Expense First Mortgage," 41,764.20 "
12,1209,900 Parker,2024-04-01,Interest Expense,74010,Interest Expense First Mortgage," 41,643.35 "
12,1209,900 Parker,2024-05-01,Interest Expense,74010,Interest Expense First Mortgage," 41,522.12 "
12,1209,900 Parker,2024-06-01,Interest Expense,74010,Interest Expense First Mortgage," 41,400.51 "
12,1209,900 Parker,2024-07-01,Interest Expense,74010,Interest Expense First Mortgage," 41,278.51 "
12,1209,900 Parker,2024-08-01,Interest Expense,74010,Interest Expense First Mortgage," 41,156.13 "
12,1209,900 Parker,2024-09-01,Interest Expense,74010,Interest Expense First Mortgage," 41,033.36 "
12,1209,900 Parker,2024-10-01,Interest Expense,74010,Interest Expense First Mortgage," 40,910.21 "
12,1209,900 Parker,2024-11-01,Interest Expense,74010,Interest Expense First Mortgage," 40,786.66 "
12,1209,900 Parker,2024-12-01,Interest Expense,74010,Interest Expense First Mortgage," 40,662.73 "
12,1209,900 Parker,2025-02-01,Interest Expense,74010,Interest Expense First Mortgage," 40,413.68 "
12,1209,900 Parker,2025-03-01,Interest Expense,74010,Interest Expense First Mortgage," 40,288.57 "
12,1209,900 Parker,2025-04-01,Interest Expense,74010,Interest Expense First Mortgage," 40,163.06 "
12,1209,900 Parker,2025-05-01,Interest Expense,74010,Interest Expense First Mortgage," 40,037.16 "
12,1209,900 Parker,2025-06-01,Interest Expense,74010,Interest Expense First Mortgage," 39,910.85 "
12,1209,900 Parker,2025-07-01,Interest Expense,74010,Interest Expense First Mortgage," 39,784.15 "
12,1209,900 Parker,2025-08-01,Interest Expense,74010,Interest Expense First Mortgage," 39,657.05 "
12,1209,900 Parker,2025-09-01,Interest Expense,74010,Interest Expense First Mortgage," 39,529.55 "
12,1209,900 Parker,2025-10-01,Interest Expense,74010,Interest Expense First Mortgage," 39,401.65 "
12,1209,900 Parker,2025-11-01,Interest Expense,74010,Interest Expense First Mortgage," 39,273.34 "
12,1209,900 Parker,2025-12-01,Interest Expense,74010,Interest Expense First Mortgage," 39,144.62 "
12,1209,900 Parker,2023-01-01,Interest Expense,74010,Interest Expense First Mortgage," 43,416.65 "
12,1209,900 Parker,2024-01-01,Interest Expense,74010,Interest Expense First Mortgage," 42,004.75 "
12,1209,900 Parker,2025-01-01,Interest Expense,74010,Interest Expense First Mortgage," 40,538.40 "
12,1209,900 Parker,2026-02-01,Interest Expense,74010,Interest Expense First Mortgage," 38,885.97 "
12,1209,900 Parker,2026-03-01,Interest Expense,74010,Interest Expense First Mortgage," 38,756.03 "
12,1209,900 Parker,2026-04-01,Interest Expense,74010,Interest Expense First Mortgage," 38,625.69 "
12,1209,900 Parker,2026-05-01,Interest Expense,74010,Interest Expense First Mortgage," 38,494.93 "
12,1209,900 Parker,2026-06-01,Interest Expense,74010,Interest Expense First Mortgage," 38,363.75 "
12,1209,900 Parker,2026-07-01,Interest Expense,74010,Interest Expense First Mortgage," 38,232.17 "
12,1209,900 Parker,2026-08-01,Interest Expense,74010,Interest Expense First Mortgage," 38,100.16 "
12,1209,900 Parker,2026-01-01,Interest Expense,74010,Interest Expense First Mortgage," 39,015.50 "
7,1204,868 East Hastings,2023-09-01,Interest Expense,74010,Interest Expense First Mortgage, (59.04)
7,1204,868 East Hastings,2023-03-01,Interest Expense,74010,Interest Expense First Mortgage," 5,406.74 "
7,1204,868 East Hastings,2023-04-01,Interest Expense,74010,Interest Expense First Mortgage," 1,790.41 "
7,1204,868 East Hastings,2023-05-01,Interest Expense,74010,Interest Expense First Mortgage," 1,844.03 "
7,1204,868 East Hastings,2023-06-01,Interest Expense,74010,Interest Expense First Mortgage," 1,778.66 "
7,1204,868 East Hastings,2023-07-01,Interest Expense,74010,Interest Expense First Mortgage," 1,831.85 "
3,1103,780 East Cordova,2026-02-01,Interest Expense,74010,Interest Expense First Mortgage," 16,005.99 "
3,1103,780 East Cordova,2026-03-01,Interest Expense,74010,Interest Expense First Mortgage," 17,683.74 "
3,1103,780 East Cordova,2026-04-01,Interest Expense,74010,Interest Expense First Mortgage," 17,076.82 "
3,1103,780 East Cordova,2026-05-01,Interest Expense,74010,Interest Expense First Mortgage," 18,179.72 "
3,1103,780 East Cordova,2026-06-01,Interest Expense,74010,Interest Expense First Mortgage," 16,450.20 "
3,1103,780 East Cordova,2023-04-01,Interest Expense,74010,Interest Expense First Mortgage," 41,880.57 "
3,1103,780 East Cordova,2023-05-01,Interest Expense,74010,Interest Expense First Mortgage," 10,730.48 "
3,1103,780 East Cordova,2023-06-01,Interest Expense,74010,Interest Expense First Mortgage," 10,350.11 "
18,1301,2450 Ontario,2024-05-01,Interest Expense,74010,Interest Expense First Mortgage," 17,346.41 "
18,1301,2450 Ontario,2024-06-01,Interest Expense,74010,Interest Expense First Mortgage," 17,278.38 "
18,1301,2450 Ontario,2024-07-01,Interest Expense,74010,Interest Expense First Mortgage," 17,210.16 "
18,1301,2450 Ontario,2024-08-01,Interest Expense,74010,Interest Expense First Mortgage," 17,141.76 "
18,1301,2450 Ontario,2024-09-01,Interest Expense,74010,Interest Expense First Mortgage," 17,073.16 "
18,1301,2450 Ontario,2024-10-01,Interest Expense,74010,Interest Expense First Mortgage," 17,004.37 "
18,1301,2450 Ontario,2024-11-01,Interest Expense,74010,Interest Expense First Mortgage," 16,935.39 "
18,1301,2450 Ontario,2024-12-01,Interest Expense,74010,Interest Expense First Mortgage," 16,866.21 "
18,1301,2450 Ontario,2025-02-01,Interest Expense,74010,Interest Expense First Mortgage," 16,727.29 "
18,1301,2450 Ontario,2025-03-01,Interest Expense,74010,Interest Expense First Mortgage," 16,657.54 "
18,1301,2450 Ontario,2025-04-01,Interest Expense,74010,Interest Expense First Mortgage," 16,587.59 "
18,1301,2450 Ontario,2025-05-01,Interest Expense,74010,Interest Expense First Mortgage," 48,422.07 "
18,1301,2450 Ontario,2025-06-01,Interest Expense,74010,Interest Expense First Mortgage," 62,107.70 "
18,1301,2450 Ontario,2025-07-01,Interest Expense,74010,Interest Expense First Mortgage," 58,060.92 "
18,1301,2450 Ontario,2025-08-01,Interest Expense,74010,Interest Expense First Mortgage," 62,015.91 "
18,1301,2450 Ontario,2025-09-01,Interest Expense,74010,Interest Expense First Mortgage," 54,272.40 "
18,1301,2450 Ontario,2025-10-01,Interest Expense,74010,Interest Expense First Mortgage," 62,020.48 "
18,1301,2450 Ontario,2025-11-01,Interest Expense,74010,Interest Expense First Mortgage," 54,267.80 "
18,1301,2450 Ontario,2025-12-01,Interest Expense,74010,Interest Expense First Mortgage," 63,971.93 "
18,1301,2450 Ontario,2023-01-01,Interest Expense,74010,Interest Expense First Mortgage," 18,409.59 "
18,1301,2450 Ontario,2024-01-01,Interest Expense,74010,Interest Expense First Mortgage," 17,616.65 "
18,1301,2450 Ontario,2025-01-01,Interest Expense,74010,Interest Expense First Mortgage," 16,796.85 "
18,1301,2450 Ontario,2026-02-01,Interest Expense,74010,Interest Expense First Mortgage," 54,267.91 "
18,1301,2450 Ontario,2026-03-01,Interest Expense,74010,Interest Expense First Mortgage," 62,020.43 "
18,1301,2450 Ontario,2026-04-01,Interest Expense,74010,Interest Expense First Mortgage," 58,144.17 "
18,1301,2450 Ontario,2026-05-01,Interest Expense,74010,Interest Expense First Mortgage," 56,201.34 "
18,1301,2450 Ontario,2026-06-01,Interest Expense,74010,Interest Expense First Mortgage," 61,962.07 "
18,1301,2450 Ontario,2026-07-01,Interest Expense,74010,Interest Expense First Mortgage," 60,082.25 "
18,1301,2450 Ontario,2026-08-01,Interest Expense,74010,Interest Expense First Mortgage," (3,994.36)"
18,1301,2450 Ontario,2026-01-01,Interest Expense,74010,Interest Expense First Mortgage," 58,126.06 "
17,1104,21 Water,2025-03-01,Interest Expense,74010,Interest Expense First Mortgage," 56,768.63 "
17,1104,21 Water,2025-04-01,Interest Expense,74010,Interest Expense First Mortgage," 56,597.86 "
17,1104,21 Water,2025-05-01,Interest Expense,74010,Interest Expense First Mortgage," 56,426.52 "
17,1104,21 Water,2025-06-01,Interest Expense,74010,Interest Expense First Mortgage," 56,254.60 "
17,1104,21 Water,2025-07-01,Interest Expense,74010,Interest Expense First Mortgage," 56,082.11 "
17,1104,21 Water,2025-08-01,Interest Expense,74010,Interest Expense First Mortgage," 55,909.05 "
17,1104,21 Water,2025-09-01,Interest Expense,74010,Interest Expense First Mortgage," 55,735.41 "
17,1104,21 Water,2025-10-01,Interest Expense,74010,Interest Expense First Mortgage," 55,561.18 "
17,1104,21 Water,2025-11-01,Interest Expense,74010,Interest Expense First Mortgage," 55,386.38 "
17,1104,21 Water,2025-12-01,Interest Expense,74010,Interest Expense First Mortgage," 55,210.99 "
17,1104,21 Water,2023-01-01,Interest Expense,74010,Interest Expense First Mortgage," 61,011.99 "
17,1104,21 Water,2024-01-01,Interest Expense,74010,Interest Expense First Mortgage," 59,098.03 "
17,1104,21 Water,2025-01-01,Interest Expense,74010,Interest Expense First Mortgage," 57,108.47 "
17,1104,21 Water,2026-01-01,Interest Expense,74010,Interest Expense First Mortgage," 55,035.02 "
17,1104,21 Water,2026-02-01,Interest Expense,74010,Interest Expense First Mortgage," 54,858.46 "
17,1104,21 Water,2026-06-01,Interest Expense,74010,Interest Expense First Mortgage," 54,143.92 "
17,1104,21 Water,2026-05-01,Interest Expense,74010,Interest Expense First Mortgage," 54,325.23 "
17,1104,21 Water,2026-04-01,Interest Expense,74010,Interest Expense First Mortgage," 54,503.57 "
17,1104,21 Water,2026-03-01,Interest Expense,74010,Interest Expense First Mortgage," 54,681.31 "
17,1104,21 Water,2023-02-01,Interest Expense,74010,Interest Expense First Mortgage," 60,855.40 "
17,1104,21 Water,2023-03-01,Interest Expense,74010,Interest Expense First Mortgage," 60,698.29 "
17,1104,21 Water,2023-04-01,Interest Expense,74010,Interest Expense First Mortgage," 60,540.65 "
17,1104,21 Water,2023-05-01,Interest Expense,74010,Interest Expense First Mortgage," 60,382.49 "
17,1104,21 Water,2023-06-01,Interest Expense,74010,Interest Expense First Mortgage," 60,223.80 "
17,1104,21 Water,2023-07-01,Interest Expense,74010,Interest Expense First Mortgage," 60,064.58 "
17,1104,21 Water,2023-08-01,Interest Expense,74010,Interest Expense First Mortgage," 59,904.83 "
17,1104,21 Water,2023-09-01,Interest Expense,74010,Interest Expense First Mortgage," 59,744.54 "
17,1104,21 Water,2023-10-01,Interest Expense,74010,Interest Expense First Mortgage," 59,583.72 "
17,1104,21 Water,2023-11-01,Interest Expense,74010,Interest Expense First Mortgage," 59,422.36 "
17,1104,21 Water,2023-12-01,Interest Expense,74010,Interest Expense First Mortgage," 59,260.47 "
17,1104,21 Water,2024-02-01,Interest Expense,74010,Interest Expense First Mortgage," 58,935.05 "
17,1104,21 Water,2024-03-01,Interest Expense,74010,Interest Expense First Mortgage," 58,771.53 "
17,1104,21 Water,2024-04-01,Interest Expense,74010,Interest Expense First Mortgage," 58,607.46 "
17,1104,21 Water,2024-05-01,Interest Expense,74010,Interest Expense First Mortgage," 58,442.84 "
17,1104,21 Water,2024-06-01,Interest Expense,74010,Interest Expense First Mortgage," 58,280.23 "
17,1104,21 Water,2024-07-01,Interest Expense,74010,Interest Expense First Mortgage," 58,114.51 "
17,1104,21 Water,2024-08-01,Interest Expense,74010,Interest Expense First Mortgage," 57,948.23 "
17,1104,21 Water,2024-09-01,Interest Expense,74010,Interest Expense First Mortgage," 57,781.39 "
17,1104,21 Water,2024-10-01,Interest Expense,74010,Interest Expense First Mortgage," 57,614.01 "
17,1104,21 Water,2024-11-01,Interest Expense,74010,Interest Expense First Mortgage," 57,446.05 "
17,1104,21 Water,2024-12-01,Interest Expense,74010,Interest Expense First Mortgage," 57,277.54 "
16,1213,1455 East Georgia,2024-05-01,Interest Expense,74010,Interest Expense First Mortgage," 16,080.58 "
16,1213,1455 East Georgia,2024-06-01,Interest Expense,74010,Interest Expense First Mortgage," 15,535.93 "
16,1213,1455 East Georgia,2024-07-01,Interest Expense,74010,Interest Expense First Mortgage," 16,034.64 "
16,1213,1455 East Georgia,2024-08-01,Interest Expense,74010,Interest Expense First Mortgage," 16,004.87 "
16,1213,1455 East Georgia,2024-09-01,Interest Expense,74010,Interest Expense First Mortgage," 15,475.09 "
16,1213,1455 East Georgia,2024-10-01,Interest Expense,74010,Interest Expense First Mortgage," 15,955.48 "
16,1213,1455 East Georgia,2024-11-01,Interest Expense,74010,Interest Expense First Mortgage," 15,417.95 "
16,1213,1455 East Georgia,2024-12-01,Interest Expense,74010,Interest Expense First Mortgage," 15,912.13 "
16,1213,1455 East Georgia,2025-02-01,Interest Expense,74010,Interest Expense First Mortgage," 14,323.14 "
16,1213,1455 East Georgia,2025-03-01,Interest Expense,74010,Interest Expense First Mortgage," 15,825.88 "
16,1213,1455 East Georgia,2025-04-01,Interest Expense,74010,Interest Expense First Mortgage," 15,291.89 "
16,1213,1455 East Georgia,2025-05-01,Interest Expense,74010,Interest Expense First Mortgage," 15,774.65 "
16,1213,1455 East Georgia,2025-06-01,Interest Expense,74010,Interest Expense First Mortgage," 15,248.31 "
16,1213,1455 East Georgia,2025-07-01,Interest Expense,74010,Interest Expense First Mortgage," 15,722.95 "
16,1213,1455 East Georgia,2025-08-01,Interest Expense,74010,Interest Expense First Mortgage," 15,698.17 "
16,1213,1455 East Georgia,2025-09-01,Interest Expense,74010,Interest Expense First Mortgage," 15,173.92 "
16,1213,1455 East Georgia,2025-10-01,Interest Expense,74010,Interest Expense First Mortgage," 15,645.70 "
16,1213,1455 East Georgia,2025-11-01,Interest Expense,74010,Interest Expense First Mortgage," 15,116.64 "
16,1213,1455 East Georgia,2025-12-01,Interest Expense,74010,Interest Expense First Mortgage," 15,596.05 "
16,1213,1455 East Georgia,2024-01-01,Interest Expense,74010,Interest Expense First Mortgage," 15,140.30 "
16,1213,1455 East Georgia,2025-01-01,Interest Expense,74010,Interest Expense First Mortgage," 15,881.74 "
16,1213,1455 East Georgia,2026-02-01,Interest Expense,74010,Interest Expense First Mortgage," 14,043.57 "
16,1213,1455 East Georgia,2026-03-01,Interest Expense,74010,Interest Expense First Mortgage," 15,515.62 "
16,1213,1455 East Georgia,2026-04-01,Interest Expense,74010,Interest Expense First Mortgage," 14,983.11 "
16,1213,1455 East Georgia,2026-05-01,Interest Expense,74010,Interest Expense First Mortgage," 15,956.30 "
16,1213,1455 East Georgia,2026-06-01,Interest Expense,74010,Interest Expense First Mortgage," 14,438.30 "
16,1213,1455 East Georgia,2026-01-01,Interest Expense,74010,Interest Expense First Mortgage," 15,567.25 "
16,1213,1455 East Georgia,2023-04-01,Interest Expense,74010,Interest Expense First Mortgage," 36,534.11 "
16,1213,1455 East Georgia,2023-05-01,Interest Expense,74010,Interest Expense First Mortgage," 9,360.63 "
16,1213,1455 East Georgia,2023-06-01,Interest Expense,74010,Interest Expense First Mortgage," 9,028.82 "
16,1213,1455 East Georgia,2023-07-01,Interest Expense,74010,Interest Expense First Mortgage," 9,298.84 "
16,1213,1455 East Georgia,2023-08-01,Interest Expense,74010,Interest Expense First Mortgage," 9,268.55 "
16,1213,1455 East Georgia,2023-09-01,Interest Expense,74010,Interest Expense First Mortgage," 17,023.40 "
16,1213,1455 East Georgia,2023-10-01,Interest Expense,74010,Interest Expense First Mortgage," 14,683.31 "
16,1213,1455 East Georgia,2023-11-01,Interest Expense,74010,Interest Expense First Mortgage," 15,703.01 "
16,1213,1455 East Georgia,2023-12-01,Interest Expense,74010,Interest Expense First Mortgage," 17,246.79 "
16,1213,1455 East Georgia,2024-02-01,Interest Expense,74010,Interest Expense First Mortgage," 15,114.33 "
16,1213,1455 East Georgia,2024-03-01,Interest Expense,74010,Interest Expense First Mortgage," 16,649.09 "
15,1212,152 West Hastings,2024-07-01,Interest Expense,74010,Interest Expense First Mortgage," 11,663.18 "
15,1212,152 West Hastings,2024-08-01,Interest Expense,74010,Interest Expense First Mortgage," 11,629.81 "
15,1212,152 West Hastings,2024-09-01,Interest Expense,74010,Interest Expense First Mortgage," 11,596.33 "
15,1212,152 West Hastings,2024-10-01,Interest Expense,74010,Interest Expense First Mortgage," 11,562.73 "
15,1212,152 West Hastings,2024-11-01,Interest Expense,74010,Interest Expense First Mortgage," 11,529.03 "
15,1212,152 West Hastings,2024-12-01,Interest Expense,74010,Interest Expense First Mortgage," 11,495.21 "
15,1212,152 West Hastings,2025-02-01,Interest Expense,74010,Interest Expense First Mortgage," 11,427.24 "
15,1212,152 West Hastings,2025-03-01,Interest Expense,74010,Interest Expense First Mortgage," 11,393.06 "
15,1212,152 West Hastings,2025-04-01,Interest Expense,74010,Interest Expense First Mortgage," 11,358.80 "
15,1212,152 West Hastings,2025-05-01,Interest Expense,74010,Interest Expense First Mortgage," 11,324.41 "
15,1212,152 West Hastings,2025-06-01,Interest Expense,74010,Interest Expense First Mortgage," 11,289.91 "
15,1212,152 West Hastings,2025-07-01,Interest Expense,74010,Interest Expense First Mortgage," 11,255.28 "
15,1212,152 West Hastings,2025-08-01,Interest Expense,74010,Interest Expense First Mortgage," 11,220.55 "
15,1212,152 West Hastings,2025-09-01,Interest Expense,74010,Interest Expense First Mortgage," 11,185.70 "
15,1212,152 West Hastings,2025-10-01,Interest Expense,74010,Interest Expense First Mortgage," 11,150.75 "
15,1212,152 West Hastings,2025-11-01,Interest Expense,74010,Interest Expense First Mortgage," 11,115.66 "
15,1212,152 West Hastings,2025-12-01,Interest Expense,74010,Interest Expense First Mortgage," 11,080.46 "
15,1212,152 West Hastings,2023-01-01,Interest Expense,74010,Interest Expense First Mortgage," 12,243.76 "
15,1212,152 West Hastings,2024-01-01,Interest Expense,74010,Interest Expense First Mortgage," 11,859.67 "
15,1212,152 West Hastings,2025-01-01,Interest Expense,74010,Interest Expense First Mortgage," 11,461.27 "
15,1212,152 West Hastings,2026-01-01,Interest Expense,74010,Interest Expense First Mortgage," 11,045.14 "
15,1212,152 West Hastings,2026-02-01,Interest Expense,74010,Interest Expense First Mortgage," 11,009.71 "
15,1212,152 West Hastings,2026-03-01,Interest Expense,74010,Interest Expense First Mortgage," 10,974.16 "
15,1212,152 West Hastings,2026-04-01,Interest Expense,74010,Interest Expense First Mortgage," 10,938.48 "
15,1212,152 West Hastings,2026-05-01,Interest Expense,74010,Interest Expense First Mortgage," 10,902.70 "
15,1212,152 West Hastings,2023-05-01,Interest Expense,74010,Interest Expense First Mortgage," 12,117.44 "
15,1212,152 West Hastings,2023-06-01,Interest Expense,74010,Interest Expense First Mortgage," 12,085.59 "
15,1212,152 West Hastings,2023-07-01,Interest Expense,74010,Interest Expense First Mortgage," 12,053.64 "
15,1212,152 West Hastings,2023-08-01,Interest Expense,74010,Interest Expense First Mortgage," 12,021.58 "
15,1212,152 West Hastings,2023-09-01,Interest Expense,74010,Interest Expense First Mortgage," 11,989.41 "
15,1212,152 West Hastings,2023-10-01,Interest Expense,74010,Interest Expense First Mortgage," 11,957.14 "
15,1212,152 West Hastings,2023-11-01,Interest Expense,74010,Interest Expense First Mortgage," 11,924.76 "
15,1212,152 West Hastings,2023-12-01,Interest Expense,74010,Interest Expense First Mortgage," 11,892.27 "
15,1212,152 West Hastings,2024-02-01,Interest Expense,74010,Interest Expense First Mortgage," 11,826.97 "
15,1212,152 West Hastings,2024-03-01,Interest Expense,74010,Interest Expense First Mortgage," 11,794.15 "
15,1212,152 West Hastings,2024-04-01,Interest Expense,74010,Interest Expense First Mortgage," 11,761.23 "
15,1212,152 West Hastings,2024-05-01,Interest Expense,74010,Interest Expense First Mortgage," 11,728.18 "
15,1212,152 West Hastings,2023-02-01,Interest Expense,74010,Interest Expense First Mortgage," 12,212.34 "
15,1212,152 West Hastings,2023-03-01,Interest Expense,74010,Interest Expense First Mortgage," 12,180.81 "
15,1212,152 West Hastings,2023-04-01,Interest Expense,74010,Interest Expense First Mortgage," 12,149.18 "
15,1212,152 West Hastings,2026-06-01,Interest Expense,74010,Interest Expense First Mortgage," 10,865.49 "
15,1212,152 West Hastings,2024-06-01,Interest Expense,74010,Interest Expense First Mortgage," 11,696.44 "
14,1211,112 West Hastings,2023-02-01,Interest Expense,74010,Interest Expense First Mortgage," 8,767.30 "
14,1211,112 West Hastings,2023-03-01,Interest Expense,74010,Interest Expense First Mortgage," 8,744.67 "
14,1211,112 West Hastings,2023-04-01,Interest Expense,74010,Interest Expense First Mortgage," 8,721.96 "
14,1211,112 West Hastings,2023-05-01,Interest Expense,74010,Interest Expense First Mortgage," 8,699.17 "
14,1211,112 West Hastings,2023-06-01,Interest Expense,74010,Interest Expense First Mortgage," 8,676.31 "
14,1211,112 West Hastings,2023-07-01,Interest Expense,74010,Interest Expense First Mortgage," 8,653.37 "
14,1211,112 West Hastings,2023-08-01,Interest Expense,74010,Interest Expense First Mortgage," 8,630.36 "
14,1211,112 West Hastings,2023-09-01,Interest Expense,74010,Interest Expense First Mortgage," 8,607.26 "
14,1211,112 West Hastings,2023-10-01,Interest Expense,74010,Interest Expense First Mortgage," 8,584.10 "
14,1211,112 West Hastings,2023-11-01,Interest Expense,74010,Interest Expense First Mortgage," 8,560.85 "
14,1211,112 West Hastings,2023-12-01,Interest Expense,74010,Interest Expense First Mortgage," 8,537.53 "
14,1211,112 West Hastings,2024-02-01,Interest Expense,74010,Interest Expense First Mortgage," 8,490.64 "
14,1211,112 West Hastings,2024-03-01,Interest Expense,74010,Interest Expense First Mortgage," 8,467.08 "
14,1211,112 West Hastings,2024-04-01,Interest Expense,74010,Interest Expense First Mortgage," 8,443.45 "
14,1211,112 West Hastings,2024-05-01,Interest Expense,74010,Interest Expense First Mortgage," 8,419.73 "
14,1211,112 West Hastings,2024-06-01,Interest Expense,74010,Interest Expense First Mortgage," 8,397.87 "
14,1211,112 West Hastings,2024-07-01,Interest Expense,74010,Interest Expense First Mortgage," 8,373.99 "
14,1211,112 West Hastings,2024-08-01,Interest Expense,74010,Interest Expense First Mortgage," 8,350.03 "
14,1211,112 West Hastings,2024-09-01,Interest Expense,74010,Interest Expense First Mortgage," 8,325.99 "
14,1211,112 West Hastings,2024-10-01,Interest Expense,74010,Interest Expense First Mortgage," 8,301.87 "
14,1211,112 West Hastings,2024-11-01,Interest Expense,74010,Interest Expense First Mortgage," 8,277.67 "
14,1211,112 West Hastings,2024-12-01,Interest Expense,74010,Interest Expense First Mortgage," 8,253.39 "
14,1211,112 West Hastings,2025-02-01,Interest Expense,74010,Interest Expense First Mortgage," 8,204.58 "
14,1211,112 West Hastings,2025-03-01,Interest Expense,74010,Interest Expense First Mortgage," 8,180.06 "
14,1211,112 West Hastings,2025-04-01,Interest Expense,74010,Interest Expense First Mortgage," 8,155.45 "
14,1211,112 West Hastings,2025-05-01,Interest Expense,74010,Interest Expense First Mortgage," 8,130.76 "
14,1211,112 West Hastings,2025-06-01,Interest Expense,74010,Interest Expense First Mortgage," 8,105.99 "
14,1211,112 West Hastings,2025-07-01,Interest Expense,74010,Interest Expense First Mortgage," 8,081.14 "
14,1211,112 West Hastings,2025-08-01,Interest Expense,74010,Interest Expense First Mortgage," 8,056.20 "
14,1211,112 West Hastings,2025-09-01,Interest Expense,74010,Interest Expense First Mortgage," 8,031.18 "
14,1211,112 West Hastings,2025-10-01,Interest Expense,74010,Interest Expense First Mortgage," 8,006.07 "
25,1401,1618 Station,2025-01-01,Interest Expense,74010,Interest Expense First Mortgage," 113,038.07 "
25,1401,1618 Station,2026-01-01,Interest Expense,74010,Interest Expense First Mortgage," 109,505.57 "
25,1401,1618 Station,2023-11-01,Interest Expense,74010,Interest Expense First Mortgage," 52,180.28 "
24,1307,895 East Hastings,2026-02-01,Interest Expense,74010,Interest Expense First Mortgage," 6,905.27 "
24,1307,895 East Hastings,2026-03-01,Interest Expense,74010,Interest Expense First Mortgage," 7,629.08 "
24,1307,895 East Hastings,2026-04-01,Interest Expense,74010,Interest Expense First Mortgage," 7,367.24 "
24,1307,895 East Hastings,2026-05-01,Interest Expense,74010,Interest Expense First Mortgage," 7,847.36 "
24,1307,895 East Hastings,2026-06-01,Interest Expense,74010,Interest Expense First Mortgage," 7,100.81 "
24,1307,895 East Hastings,2026-01-01,Interest Expense,74010,Interest Expense First Mortgage," 7,654.46 "
24,1307,895 East Hastings,2023-03-01,Interest Expense,74010,Interest Expense First Mortgage," 15,602.32 "
24,1307,895 East Hastings,2023-04-01,Interest Expense,74010,Interest Expense First Mortgage," 5,166.60 "
24,1307,895 East Hastings,2023-05-01,Interest Expense,74010,Interest Expense First Mortgage," 5,321.34 "
24,1307,895 East Hastings,2023-06-01,Interest Expense,74010,Interest Expense First Mortgage," 5,132.71 "
24,1307,895 East Hastings,2023-07-01,Interest Expense,74010,Interest Expense First Mortgage," 5,286.21 "
24,1307,895 East Hastings,2023-08-01,Interest Expense,74010,Interest Expense First Mortgage," 5,268.99 "
24,1307,895 East Hastings,2023-09-01,Interest Expense,74010,Interest Expense First Mortgage," 8,349.18 "
24,1307,895 East Hastings,2023-10-01,Interest Expense,74010,Interest Expense First Mortgage," 7,221.30 "
24,1307,895 East Hastings,2023-11-01,Interest Expense,74010,Interest Expense First Mortgage," 7,722.79 "
24,1307,895 East Hastings,2023-12-01,Interest Expense,74010,Interest Expense First Mortgage," 8,482.03 "
24,1307,895 East Hastings,2024-02-01,Interest Expense,74010,Interest Expense First Mortgage," 7,433.28 "
24,1307,895 East Hastings,2024-03-01,Interest Expense,74010,Interest Expense First Mortgage," 8,188.08 "
24,1307,895 East Hastings,2024-04-01,Interest Expense,74010,Interest Expense First Mortgage," 7,411.20 "
24,1307,895 East Hastings,2024-05-01,Interest Expense,74010,Interest Expense First Mortgage," 7,908.48 "
24,1307,895 East Hastings,2024-06-01,Interest Expense,74010,Interest Expense First Mortgage," 7,639.06 "
24,1307,895 East Hastings,2024-07-01,Interest Expense,74010,Interest Expense First Mortgage," 7,884.28 "
24,1307,895 East Hastings,2024-08-01,Interest Expense,74010,Interest Expense First Mortgage," 7,869.64 "
24,1307,895 East Hastings,2024-09-01,Interest Expense,74010,Interest Expense First Mortgage," 7,609.15 "
24,1307,895 East Hastings,2024-10-01,Interest Expense,74010,Interest Expense First Mortgage," 7,845.36 "
24,1307,895 East Hastings,2024-11-01,Interest Expense,74010,Interest Expense First Mortgage," 7,581.05 "
24,1307,895 East Hastings,2024-12-01,Interest Expense,74010,Interest Expense First Mortgage," 7,824.04 "
24,1307,895 East Hastings,2025-02-01,Interest Expense,74010,Interest Expense First Mortgage," 7,042.73 "
24,1307,895 East Hastings,2025-03-01,Interest Expense,74010,Interest Expense First Mortgage," 7,781.63 "
24,1307,895 East Hastings,2025-04-01,Interest Expense,74010,Interest Expense First Mortgage," 7,519.07 "
24,1307,895 East Hastings,2025-05-01,Interest Expense,74010,Interest Expense First Mortgage," 7,756.45 "
24,1307,895 East Hastings,2025-06-01,Interest Expense,74010,Interest Expense First Mortgage," 7,497.65 "
24,1307,895 East Hastings,2025-07-01,Interest Expense,74010,Interest Expense First Mortgage," 7,731.02 "
24,1307,895 East Hastings,2025-08-01,Interest Expense,74010,Interest Expense First Mortgage," 7,718.84 "
24,1307,895 East Hastings,2025-09-01,Interest Expense,74010,Interest Expense First Mortgage," 7,461.07 "
24,1307,895 East Hastings,2025-10-01,Interest Expense,74010,Interest Expense First Mortgage," 7,693.04 "
24,1307,895 East Hastings,2025-11-01,Interest Expense,74010,Interest Expense First Mortgage," 7,432.90 "
24,1307,895 East Hastings,2025-12-01,Interest Expense,74010,Interest Expense First Mortgage," 7,668.62 "
24,1307,895 East Hastings,2024-01-01,Interest Expense,74010,Interest Expense First Mortgage," 7,446.05 "
24,1307,895 East Hastings,2025-01-01,Interest Expense,74010,Interest Expense First Mortgage," 7,809.10 "
22,1305,855 East Hastings,2023-02-01,Interest Expense,74010,Interest Expense First Mortgage," 19,558.22 "
22,1305,855 East Hastings,2023-03-01,Interest Expense,74010,Interest Expense First Mortgage," 22,978.99 "
22,1305,855 East Hastings,2023-04-01,Interest Expense,74010,Interest Expense First Mortgage," 19,528.74 "
22,1305,855 East Hastings,2023-05-01,Interest Expense,74010,Interest Expense First Mortgage," 21,601.07 "
22,1305,855 East Hastings,2023-06-01,Interest Expense,74010,Interest Expense First Mortgage," 23,571.21 "
22,1305,855 East Hastings,2023-07-01,Interest Expense,74010,Interest Expense First Mortgage," 20,593.34 "
22,1305,855 East Hastings,2023-08-01,Interest Expense,74010,Interest Expense First Mortgage," 22,992.37 "
22,1305,855 East Hastings,2023-09-01,Interest Expense,74010,Interest Expense First Mortgage," 23,798.21 "
22,1305,855 East Hastings,2023-10-01,Interest Expense,74010,Interest Expense First Mortgage," 21,514.74 "
22,1305,855 East Hastings,2023-11-01,Interest Expense,74010,Interest Expense First Mortgage," 22,252.05 "
22,1305,855 East Hastings,2023-12-01,Interest Expense,74010,Interest Expense First Mortgage," 23,773.27 "
22,1305,855 East Hastings,2024-02-01,Interest Expense,74010,Interest Expense First Mortgage," 21,574.97 "
22,1305,855 East Hastings,2024-03-01,Interest Expense,74010,Interest Expense First Mortgage," 22,719.78 "
22,1305,855 East Hastings,2024-04-01,Interest Expense,74010,Interest Expense First Mortgage," 22,731.68 "
22,1305,855 East Hastings,2024-06-01,Interest Expense,74010,Interest Expense First Mortgage," 45,393.71 "
22,1305,855 East Hastings,2024-07-01,Interest Expense,74010,Interest Expense First Mortgage," 22,696.85 "
22,1305,855 East Hastings,2024-08-01,Interest Expense,74010,Interest Expense First Mortgage," 22,696.85 "
22,1305,855 East Hastings,2024-09-01,Interest Expense,74010,Interest Expense First Mortgage," 22,696.85 "
22,1305,855 East Hastings,2024-10-01,Interest Expense,74010,Interest Expense First Mortgage," 7,058.12 "
22,1305,855 East Hastings,2023-01-01,Interest Expense,74010,Interest Expense First Mortgage," 19,927.97 "
22,1305,855 East Hastings,2024-01-01,Interest Expense,74010,Interest Expense First Mortgage," 22,267.19 "
21,1304,1770 West 7th,2023-01-01,Interest Expense,74010,Interest Expense First Mortgage," 60,017.56 "
21,1304,1770 West 7th,2024-01-01,Interest Expense,74010,Interest Expense First Mortgage," 58,184.87 "
21,1304,1770 West 7th,2025-01-01,Interest Expense,74010,Interest Expense First Mortgage," 56,298.09 "
21,1304,1770 West 7th,2026-02-01,Interest Expense,74010,Interest Expense First Mortgage," 54,191.19 "
21,1304,1770 West 7th,2026-03-01,Interest Expense,74010,Interest Expense First Mortgage," 54,026.35 "
21,1304,1770 West 7th,2026-04-01,Interest Expense,74010,Interest Expense First Mortgage," 53,861.11 "
21,1304,1770 West 7th,2026-05-01,Interest Expense,74010,Interest Expense First Mortgage," 53,695.48 "
21,1304,1770 West 7th,2026-06-01,Interest Expense,74010,Interest Expense First Mortgage," 53,529.44 "
21,1304,1770 West 7th,2026-07-01,Interest Expense,74010,Interest Expense First Mortgage," 53,362.99 "
21,1304,1770 West 7th,2023-11-01,Interest Expense,74010,Interest Expense First Mortgage," 58,340.40 "
21,1304,1770 West 7th,2023-12-01,Interest Expense,74010,Interest Expense First Mortgage," 58,339.64 "
21,1304,1770 West 7th,2024-02-01,Interest Expense,74010,Interest Expense First Mortgage," 58,029.73 "
21,1304,1770 West 7th,2024-03-01,Interest Expense,74010,Interest Expense First Mortgage," 57,874.21 "
21,1304,1770 West 7th,2024-04-01,Interest Expense,74010,Interest Expense First Mortgage," 57,718.31 "
21,1304,1770 West 7th,2024-05-01,Interest Expense,74010,Interest Expense First Mortgage," 57,562.03 "
21,1304,1770 West 7th,2024-06-01,Interest Expense,74010,Interest Expense First Mortgage," 57,405.38 "
21,1304,1770 West 7th,2024-07-01,Interest Expense,74010,Interest Expense First Mortgage," 57,248.34 "
21,1304,1770 West 7th,2024-08-01,Interest Expense,74010,Interest Expense First Mortgage," 57,090.93 "
21,1304,1770 West 7th,2024-09-01,Interest Expense,74010,Interest Expense First Mortgage," 56,933.13 "
21,1304,1770 West 7th,2024-10-01,Interest Expense,74010,Interest Expense First Mortgage," 56,774.95 "
21,1304,1770 West 7th,2024-11-01,Interest Expense,74010,Interest Expense First Mortgage," 56,616.38 "
21,1304,1770 West 7th,2024-12-01,Interest Expense,74010,Interest Expense First Mortgage," 56,457.43 "
21,1304,1770 West 7th,2025-02-01,Interest Expense,74010,Interest Expense First Mortgage," 56,138.37 "
21,1304,1770 West 7th,2025-03-01,Interest Expense,74010,Interest Expense First Mortgage," 55,978.26 "
21,1304,1770 West 7th,2025-04-01,Interest Expense,74010,Interest Expense First Mortgage," 55,817.76 "
21,1304,1770 West 7th,2025-05-01,Interest Expense,74010,Interest Expense First Mortgage," 55,656.87 "
21,1304,1770 West 7th,2025-06-01,Interest Expense,74010,Interest Expense First Mortgage," 55,495.59 "
21,1304,1770 West 7th,2025-07-01,Interest Expense,74010,Interest Expense First Mortgage," 55,333.92 "
21,1304,1770 West 7th,2025-08-01,Interest Expense,74010,Interest Expense First Mortgage," 55,171.86 "
21,1304,1770 West 7th,2025-09-01,Interest Expense,74010,Interest Expense First Mortgage," 55,009.40 "
21,1304,1770 West 7th,2025-10-01,Interest Expense,74010,Interest Expense First Mortgage," 54,846.55 "
21,1304,1770 West 7th,2025-11-01,Interest Expense,74010,Interest Expense First Mortgage," 54,683.30 "
21,1304,1770 West 7th,2025-12-01,Interest Expense,74010,Interest Expense First Mortgage," 54,519.66 "
21,1304,1770 West 7th,2023-02-01,Interest Expense,74010,Interest Expense First Mortgage," 62,245.01 "
21,1304,1770 West 7th,2023-03-01,Interest Expense,74010,Interest Expense First Mortgage," 60,017.93 "
21,1304,1770 West 7th,2023-04-01,Interest Expense,74010,Interest Expense First Mortgage," 59,867.24 "
21,1304,1770 West 7th,2023-05-01,Interest Expense,74010,Interest Expense First Mortgage," 59,716.18 "
21,1304,1770 West 7th,2023-06-01,Interest Expense,74010,Interest Expense First Mortgage," 59,564.74 "
21,1304,1770 West 7th,2023-07-01,Interest Expense,74010,Interest Expense First Mortgage," 59,412.96 "
21,1304,1770 West 7th,2023-08-01,Interest Expense,74010,Interest Expense First Mortgage," 59,260.78 "
21,1304,1770 West 7th,2023-09-01,Interest Expense,74010,Interest Expense First Mortgage," 59,108.26 "
21,1304,1770 West 7th,2023-10-01,Interest Expense,74010,Interest Expense First Mortgage," 54,293.22 "
21,1304,1770 West 7th,2026-01-01,Interest Expense,74010,Interest Expense First Mortgage," 54,355.62 "
19,1302,123 West 7th,2023-02-01,Interest Expense,74010,Interest Expense First Mortgage," 38,905.33 "
19,1302,123 West 7th,2023-03-01,Interest Expense,74010,Interest Expense First Mortgage," 42,957.92 "
19,1302,123 West 7th,2023-04-01,Interest Expense,74010,Interest Expense First Mortgage," 41,471.78 "
19,1302,123 West 7th,2023-05-01,Interest Expense,74010,Interest Expense First Mortgage," 42,745.99 "
19,1302,123 West 7th,2023-06-01,Interest Expense,74010,Interest Expense First Mortgage," 41,266.07 "
19,1302,123 West 7th,2023-07-01,Interest Expense,74010,Interest Expense First Mortgage," 42,532.80 "
19,1302,123 West 7th,2023-08-01,Interest Expense,74010,Interest Expense First Mortgage," 42,427.79 "
19,1302,123 West 7th,2023-09-01,Interest Expense,74010,Interest Expense First Mortgage," 40,957.21 "
19,1302,123 West 7th,2023-10-01,Interest Expense,74010,Interest Expense First Mortgage," 42,212.73 "
19,1302,123 West 7th,2023-11-01,Interest Expense,74010,Interest Expense First Mortgage," 40,748.48 "
19,1302,123 West 7th,2023-12-01,Interest Expense,74010,Interest Expense First Mortgage," 41,996.42 "
19,1302,123 West 7th,2024-02-01,Interest Expense,74010,Interest Expense First Mortgage," 39,087.19 "
19,1302,123 West 7th,2024-03-01,Interest Expense,74010,Interest Expense First Mortgage," 41,667.56 "
19,1302,123 West 7th,2024-04-01,Interest Expense,74010,Interest Expense First Mortgage," 40,219.32 "
19,1302,123 West 7th,2024-05-01,Interest Expense,74010,Interest Expense First Mortgage," 41,467.97 "
19,1302,123 West 7th,2024-06-01,Interest Expense,74010,Interest Expense First Mortgage," 40,006.30 "
19,1302,123 West 7th,2024-07-01,Interest Expense,74010,Interest Expense First Mortgage," 41,227.29 "
19,1302,123 West 7th,2024-08-01,Interest Expense,74010,Interest Expense First Mortgage," 41,118.37 "
19,1302,123 West 7th,2024-09-01,Interest Expense,74010,Interest Expense First Mortgage," 39,686.26 "
19,1302,123 West 7th,2024-10-01,Interest Expense,74010,Interest Expense First Mortgage," 40,895.62 "
19,1302,123 West 7th,2024-11-01,Interest Expense,74010,Interest Expense First Mortgage," 39,470.05 "
19,1302,123 West 7th,2024-12-01,Interest Expense,74010,Interest Expense First Mortgage," 40,671.56 "
19,1302,123 West 7th,2025-02-01,Interest Expense,74010,Interest Expense First Mortgage," 36,535.56 "
19,1302,123 West 7th,2025-03-01,Interest Expense,74010,Interest Expense First Mortgage," 40,327.17 "
19,1302,123 West 7th,2025-04-01,Interest Expense,74010,Interest Expense First Mortgage," 38,918.30 "
19,1302,123 West 7th,2025-05-01,Interest Expense,74010,Interest Expense First Mortgage," 53,796.23 "
19,1302,123 West 7th,2025-06-01,Interest Expense,74010,Interest Expense First Mortgage," 60,069.02 "
19,1302,123 West 7th,2025-07-01,Interest Expense,74010,Interest Expense First Mortgage," 60,069.02 "
19,1302,123 West 7th,2025-08-01,Interest Expense,74010,Interest Expense First Mortgage," 60,069.02 "
19,1302,123 West 7th,2025-09-01,Interest Expense,74010,Interest Expense First Mortgage," 60,069.02 "
19,1302,123 West 7th,2025-10-01,Interest Expense,74010,Interest Expense First Mortgage," 60,069.02 "
19,1302,123 West 7th,2025-11-01,Interest Expense,74010,Interest Expense First Mortgage," 60,069.02 "
19,1302,123 West 7th,2025-12-01,Interest Expense,74010,Interest Expense First Mortgage," 60,069.02 "
19,1302,123 West 7th,2023-01-01,Interest Expense,74010,Interest Expense First Mortgage," 43,176.86 "
19,1302,123 West 7th,2024-01-01,Interest Expense,74010,Interest Expense First Mortgage," 41,889.80 "
19,1302,123 West 7th,2025-01-01,Interest Expense,74010,Interest Expense First Mortgage," 40,560.99 "
19,1302,123 West 7th,2026-02-01,Interest Expense,74010,Interest Expense First Mortgage," 60,069.02 "
19,1302,123 West 7th,2026-03-01,Interest Expense,74010,Interest Expense First Mortgage," 60,069.02 "
19,1302,123 West 7th,2026-04-01,Interest Expense,74010,Interest Expense First Mortgage," 60,069.02 "
19,1302,123 West 7th,2026-05-01,Interest Expense,74010,Interest Expense First Mortgage," 60,069.02 "
19,1302,123 West 7th,2026-06-01,Interest Expense,74010,Interest Expense First Mortgage," 60,069.02 "
19,1302,123 West 7th,2026-07-01,Interest Expense,74010,Interest Expense First Mortgage," 60,069.02 "
19,1302,123 West 7th,2026-01-01,Interest Expense,74010,Interest Expense First Mortgage," 60,069.02 "
18,1301,2450 Ontario,2023-02-01,Interest Expense,74010,Interest Expense First Mortgage," 18,344.51 "
18,1301,2450 Ontario,2023-03-01,Interest Expense,74010,Interest Expense First Mortgage," 18,279.26 "
18,1301,2450 Ontario,2023-04-01,Interest Expense,74010,Interest Expense First Mortgage," 18,213.82 "
18,1301,2450 Ontario,2023-05-01,Interest Expense,74010,Interest Expense First Mortgage," 18,148.21 "
18,1301,2450 Ontario,2023-06-01,Interest Expense,74010,Interest Expense First Mortgage," 18,082.40 "
18,1301,2450 Ontario,2023-07-01,Interest Expense,74010,Interest Expense First Mortgage," 18,016.42 "
18,1301,2450 Ontario,2023-08-01,Interest Expense,74010,Interest Expense First Mortgage," 17,950.25 "
18,1301,2450 Ontario,2023-09-01,Interest Expense,74010,Interest Expense First Mortgage," 17,883.90 "
18,1301,2450 Ontario,2023-10-01,Interest Expense,74010,Interest Expense First Mortgage," 17,817.37 "
18,1301,2450 Ontario,2023-11-01,Interest Expense,74010,Interest Expense First Mortgage," 17,750.65 "
18,1301,2450 Ontario,2023-12-01,Interest Expense,74010,Interest Expense First Mortgage," 17,683.74 "
18,1301,2450 Ontario,2024-02-01,Interest Expense,74010,Interest Expense First Mortgage," 17,549.37 "
18,1301,2450 Ontario,2024-03-01,Interest Expense,74010,Interest Expense First Mortgage," 17,481.91 "
18,1301,2450 Ontario,2024-04-01,Interest Expense,74010,Interest Expense First Mortgage," 17,414.25 "
31,1502,1638 West 3rd,2024-08-01,Interest Expense,74010,Interest Expense First Mortgage," 47,869.73 "
31,1502,1638 West 3rd,2024-09-01,Interest Expense,74010,Interest Expense First Mortgage," 47,869.73 "
31,1502,1638 West 3rd,2024-10-01,Interest Expense,74010,Interest Expense First Mortgage," 14,886.23 "
30,1501,882 East Cordova,2023-01-01,Interest Expense,74010,Interest Expense First Mortgage," 11,948.07 "
30,1501,882 East Cordova,2024-01-01,Interest Expense,74010,Interest Expense First Mortgage," 11,614.35 "
30,1501,882 East Cordova,2025-01-01,Interest Expense,74010,Interest Expense First Mortgage," 11,337.52 "
30,1501,882 East Cordova,2026-01-01,Interest Expense,74010,Interest Expense First Mortgage," 11,021.83 "
30,1501,882 East Cordova,2023-02-01,Interest Expense,74010,Interest Expense First Mortgage," 10,768.72 "
30,1501,882 East Cordova,2023-03-01,Interest Expense,74010,Interest Expense First Mortgage," 11,896.89 "
30,1501,882 East Cordova,2023-04-01,Interest Expense,74010,Interest Expense First Mortgage," 11,489.00 "
30,1501,882 East Cordova,2023-05-01,Interest Expense,74010,Interest Expense First Mortgage," 11,846.99 "
30,1501,882 East Cordova,2023-06-01,Interest Expense,74010,Interest Expense First Mortgage," 11,440.61 "
30,1501,882 East Cordova,2023-07-01,Interest Expense,74010,Interest Expense First Mortgage," 11,796.89 "
30,1501,882 East Cordova,2023-08-01,Interest Expense,74010,Interest Expense First Mortgage," 11,772.14 "
30,1501,882 East Cordova,2023-09-01,Interest Expense,74010,Interest Expense First Mortgage," 11,772.14 "
30,1501,882 East Cordova,2023-10-01,Interest Expense,74010,Interest Expense First Mortgage," 11,317.66 "
30,1501,882 East Cordova,2023-11-01,Interest Expense,74010,Interest Expense First Mortgage," 11,319.20 "
30,1501,882 East Cordova,2023-12-01,Interest Expense,74010,Interest Expense First Mortgage," 11,671.20 "
30,1501,882 East Cordova,2024-02-01,Interest Expense,74010,Interest Expense First Mortgage," 10,840.96 "
30,1501,882 East Cordova,2024-03-01,Interest Expense,74010,Interest Expense First Mortgage," 11,562.82 "
30,1501,882 East Cordova,2024-04-01,Interest Expense,74010,Interest Expense First Mortgage," 11,165.16 "
30,1501,882 East Cordova,2024-05-01,Interest Expense,74010,Interest Expense First Mortgage," 11,511.80 "
30,1501,882 East Cordova,2024-06-01,Interest Expense,74010,Interest Expense First Mortgage," 11,115.69 "
30,1501,882 East Cordova,2024-07-01,Interest Expense,74010,Interest Expense First Mortgage," 11,460.59 "
30,1501,882 East Cordova,2024-08-01,Interest Expense,74010,Interest Expense First Mortgage," 11,435.26 "
30,1501,882 East Cordova,2024-09-01,Interest Expense,74010,Interest Expense First Mortgage," 11,041.49 "
30,1501,882 East Cordova,2024-10-01,Interest Expense,74010,Interest Expense First Mortgage," 11,383.77 "
30,1501,882 East Cordova,2024-11-01,Interest Expense,74010,Interest Expense First Mortgage," 10,991.56 "
30,1501,882 East Cordova,2024-12-01,Interest Expense,74010,Interest Expense First Mortgage," 11,332.08 "
30,1501,882 East Cordova,2025-02-01,Interest Expense,74010,Interest Expense First Mortgage," 10,216.25 "
30,1501,882 East Cordova,2025-03-01,Interest Expense,74010,Interest Expense First Mortgage," 11,284.12 "
30,1501,882 East Cordova,2025-04-01,Interest Expense,74010,Interest Expense First Mortgage," 10,894.88 "
30,1501,882 East Cordova,2025-05-01,Interest Expense,74010,Interest Expense First Mortgage," 11,231.92 "
30,1501,882 East Cordova,2025-06-01,Interest Expense,74010,Interest Expense First Mortgage," 10,844.27 "
30,1501,882 East Cordova,2025-08-01,Interest Expense,74010,Interest Expense First Mortgage," 22,333.11 "
30,1501,882 East Cordova,2025-09-01,Interest Expense,74010,Interest Expense First Mortgage," 10,768.33 "
30,1501,882 East Cordova,2025-10-01,Interest Expense,74010,Interest Expense First Mortgage," 11,100.90 "
30,1501,882 East Cordova,2025-11-01,Interest Expense,74010,Interest Expense First Mortgage," 10,717.24 "
30,1501,882 East Cordova,2025-12-01,Interest Expense,74010,Interest Expense First Mortgage," 11,048.01 "
30,1501,882 East Cordova,2026-02-01,Interest Expense,74010,Interest Expense First Mortgage," 9,930.60 "
30,1501,882 East Cordova,2026-03-01,Interest Expense,74010,Interest Expense First Mortgage," 10,967.29 "
30,1501,882 East Cordova,2026-04-01,Interest Expense,74010,Interest Expense First Mortgage," 10,587.70 "
30,1501,882 East Cordova,2026-05-01,Interest Expense,74010,Interest Expense First Mortgage," 10,913.90 "
30,1501,882 East Cordova,2026-06-01,Interest Expense,74010,Interest Expense First Mortgage," 10,535.94 "
30,1501,882 East Cordova,2026-07-01,Interest Expense,74010,Interest Expense First Mortgage," 9,808.41 "
28,1404,3157 Grandview,2026-02-01,Interest Expense,74010,Interest Expense First Mortgage," 48,238.74 "
28,1404,3157 Grandview,2026-03-01,Interest Expense,74010,Interest Expense First Mortgage," 53,295.12 "
28,1404,3157 Grandview,2026-04-01,Interest Expense,74010,Interest Expense First Mortgage," 51,465.99 "
28,1404,3157 Grandview,2026-05-01,Interest Expense,74010,Interest Expense First Mortgage," 54,800.75 "
28,1404,3157 Grandview,2026-06-01,Interest Expense,74010,Interest Expense First Mortgage," 49,587.29 "
28,1404,3157 Grandview,2025-03-01,Interest Expense,74010,Interest Expense First Mortgage," 54,360.86 "
28,1404,3157 Grandview,2025-04-01,Interest Expense,74010,Interest Expense First Mortgage," 52,526.65 "
28,1404,3157 Grandview,2025-05-01,Interest Expense,74010,Interest Expense First Mortgage," 54,184.91 "
28,1404,3157 Grandview,2025-06-01,Interest Expense,74010,Interest Expense First Mortgage," 52,376.96 "
28,1404,3157 Grandview,2025-07-01,Interest Expense,74010,Interest Expense First Mortgage," 54,007.30 "
28,1404,3157 Grandview,2025-08-01,Interest Expense,74010,Interest Expense First Mortgage," 53,922.19 "
28,1404,3157 Grandview,2025-09-01,Interest Expense,74010,Interest Expense First Mortgage," 52,121.43 "
28,1404,3157 Grandview,2025-10-01,Interest Expense,74010,Interest Expense First Mortgage," 53,741.95 "
28,1404,3157 Grandview,2025-11-01,Interest Expense,74010,Interest Expense First Mortgage," 51,924.67 "
28,1404,3157 Grandview,2025-12-01,Interest Expense,74010,Interest Expense First Mortgage," 53,571.39 "
28,1404,3157 Grandview,2023-05-01,Interest Expense,74010,Interest Expense First Mortgage," 10,066.98 "
28,1404,3157 Grandview,2023-06-01,Interest Expense,74010,Interest Expense First Mortgage," 10,031.38 "
28,1404,3157 Grandview,2023-07-01,Interest Expense,74010,Interest Expense First Mortgage," 9,995.69 "
28,1404,3157 Grandview,2023-08-01,Interest Expense,74010,Interest Expense First Mortgage," 9,959.93 "
28,1404,3157 Grandview,2023-09-01,Interest Expense,74010,Interest Expense First Mortgage," 59,494.87 "
28,1404,3157 Grandview,2023-10-01,Interest Expense,74010,Interest Expense First Mortgage," 50,428.74 "
28,1404,3157 Grandview,2023-11-01,Interest Expense,74010,Interest Expense First Mortgage," 53,930.82 "
28,1404,3157 Grandview,2023-12-01,Interest Expense,74010,Interest Expense First Mortgage," 59,232.84 "
28,1404,3157 Grandview,2024-02-01,Interest Expense,74010,Interest Expense First Mortgage," 51,909.06 "
28,1404,3157 Grandview,2024-03-01,Interest Expense,74010,Interest Expense First Mortgage," 57,180.08 "
28,1404,3157 Grandview,2024-04-01,Interest Expense,74010,Interest Expense First Mortgage," 51,754.86 "
28,1404,3157 Grandview,2024-05-01,Interest Expense,74010,Interest Expense First Mortgage," 55,227.58 "
28,1404,3157 Grandview,2024-06-01,Interest Expense,74010,Interest Expense First Mortgage," 53,364.90 "
28,1404,3157 Grandview,2024-07-01,Interest Expense,74010,Interest Expense First Mortgage," 55,077.95 "
28,1404,3157 Grandview,2024-08-01,Interest Expense,74010,Interest Expense First Mortgage," 54,975.67 "
28,1404,3157 Grandview,2024-09-01,Interest Expense,74010,Interest Expense First Mortgage," 53,155.93 "
28,1404,3157 Grandview,2024-10-01,Interest Expense,74010,Interest Expense First Mortgage," 54,806.03 "
28,1404,3157 Grandview,2024-11-01,Interest Expense,74010,Interest Expense First Mortgage," 52,959.65 "
28,1404,3157 Grandview,2024-12-01,Interest Expense,74010,Interest Expense First Mortgage," 54,657.13 "
28,1404,3157 Grandview,2025-02-01,Interest Expense,74010,Interest Expense First Mortgage," 49,199.05 "
28,1404,3157 Grandview,2023-01-01,Interest Expense,74010,Interest Expense First Mortgage," 10,208.63 "
28,1404,3157 Grandview,2024-01-01,Interest Expense,74010,Interest Expense First Mortgage," 51,998.26 "
28,1404,3157 Grandview,2025-01-01,Interest Expense,74010,Interest Expense First Mortgage," 54,552.72 "
28,1404,3157 Grandview,2026-01-01,Interest Expense,74010,Interest Expense First Mortgage," 53,472.47 "
28,1404,3157 Grandview,2023-02-01,Interest Expense,74010,Interest Expense First Mortgage," 10,173.33 "
28,1404,3157 Grandview,2023-03-01,Interest Expense,74010,Interest Expense First Mortgage," 10,137.96 "
28,1404,3157 Grandview,2023-04-01,Interest Expense,74010,Interest Expense First Mortgage," 10,102.51 "
25,1401,1618 Station,2024-02-01,Interest Expense,74010,Interest Expense First Mortgage," 51,577.68 "
25,1401,1618 Station,2024-03-01,Interest Expense,74010,Interest Expense First Mortgage," 51,375.47 "
25,1401,1618 Station,2024-04-01,Interest Expense,74010,Interest Expense First Mortgage," 51,172.59 "
25,1401,1618 Station,2024-05-01,Interest Expense,74010,Interest Expense First Mortgage," 50,969.06 "
25,1401,1618 Station,2024-06-01,Interest Expense,74010,Interest Expense First Mortgage," 50,764.80 "
25,1401,1618 Station,2024-07-01,Interest Expense,74010,Interest Expense First Mortgage," 50,559.89 "
25,1401,1618 Station,2024-08-01,Interest Expense,74010,Interest Expense First Mortgage," 50,354.30 "
25,1401,1618 Station,2024-09-01,Interest Expense,74010,Interest Expense First Mortgage," 50,148.02 "
25,1401,1618 Station,2024-10-01,Interest Expense,74010,Interest Expense First Mortgage," 49,941.06 "
25,1401,1618 Station,2024-11-01,Interest Expense,74010,Interest Expense First Mortgage," 49,733.41 "
25,1401,1618 Station,2024-12-01,Interest Expense,74010,Interest Expense First Mortgage," 112,847.20 "
25,1401,1618 Station,2025-02-01,Interest Expense,74010,Interest Expense First Mortgage," 98,908.18 "
25,1401,1618 Station,2025-03-01,Interest Expense,74010,Interest Expense First Mortgage," 102,440.69 "
25,1401,1618 Station,2025-04-01,Interest Expense,74010,Interest Expense First Mortgage," 105,973.19 "
25,1401,1618 Station,2025-05-01,Interest Expense,74010,Interest Expense First Mortgage," 113,038.10 "
25,1401,1618 Station,2025-06-01,Interest Expense,74010,Interest Expense First Mortgage," 105,973.21 "
25,1401,1618 Station,2025-07-01,Interest Expense,74010,Interest Expense First Mortgage," 105,973.15 "
25,1401,1618 Station,2025-08-01,Interest Expense,74010,Interest Expense First Mortgage," 113,038.06 "
25,1401,1618 Station,2025-09-01,Interest Expense,74010,Interest Expense First Mortgage," 102,440.71 "
25,1401,1618 Station,2025-10-01,Interest Expense,74010,Interest Expense First Mortgage," 116,570.53 "
25,1401,1618 Station,2025-11-01,Interest Expense,74010,Interest Expense First Mortgage," 98,908.24 "
25,1401,1618 Station,2025-12-01,Interest Expense,74010,Interest Expense First Mortgage," 113,037.97 "
25,1401,1618 Station,2026-02-01,Interest Expense,74010,Interest Expense First Mortgage," 98,908.31 "
25,1401,1618 Station,2026-03-01,Interest Expense,74010,Interest Expense First Mortgage," 105,973.23 "
25,1401,1618 Station,2026-04-01,Interest Expense,74010,Interest Expense First Mortgage," 105,973.13 "
25,1401,1618 Station,2026-05-01,Interest Expense,74010,Interest Expense First Mortgage," 109,505.68 "
25,1401,1618 Station,2026-06-01,Interest Expense,74010,Interest Expense First Mortgage," 109,505.67 "
25,1401,1618 Station,2026-07-01,Interest Expense,74010,Interest Expense First Mortgage," 116,570.47 "
25,1401,1618 Station,2023-02-01,Interest Expense,74010,Interest Expense First Mortgage," 53,759.48 "
25,1401,1618 Station,2023-03-01,Interest Expense,74010,Interest Expense First Mortgage," 53,758.19 "
25,1401,1618 Station,2023-04-01,Interest Expense,74010,Interest Expense First Mortgage," 53,563.24 "
25,1401,1618 Station,2023-05-01,Interest Expense,74010,Interest Expense First Mortgage," 53,367.64 "
25,1401,1618 Station,2023-06-01,Interest Expense,74010,Interest Expense First Mortgage," 53,171.38 "
25,1401,1618 Station,2023-07-01,Interest Expense,74010,Interest Expense First Mortgage," 52,974.48 "
25,1401,1618 Station,2023-08-01,Interest Expense,74010,Interest Expense First Mortgage," 55,776.92 "
25,1401,1618 Station,2023-09-01,Interest Expense,74010,Interest Expense First Mortgage," 49,578.70 "
25,1401,1618 Station,2023-10-01,Interest Expense,74010,Interest Expense First Mortgage," 52,379.82 "
25,1401,1618 Station,2023-01-01,Interest Expense,74010,Interest Expense First Mortgage," 53,383.63 "
25,1401,1618 Station,2024-01-01,Interest Expense,74010,Interest Expense First Mortgage," 51,779.21 "
59,1505,708 East 26th Funding Entity,2025-01-01,Interest Expense,74010,Interest Expense First Mortgage," 22,442.48 "
59,1505,708 East 26th Funding Entity,2023-10-01,Interest Expense,74010,Interest Expense First Mortgage," 20,731.15 "
59,1505,708 East 26th Funding Entity,2023-11-01,Interest Expense,74010,Interest Expense First Mortgage," 22,170.84 "
59,1505,708 East 26th Funding Entity,2023-12-01,Interest Expense,74010,Interest Expense First Mortgage," 24,350.49 "
47,1505,708 East 26th - Commercial,2023-03-01,Interest Expense,74010,Interest Expense First Mortgage," 41,194.23 "
47,1505,708 East 26th - Commercial,2023-04-01,Interest Expense,74010,Interest Expense First Mortgage," 13,641.20 "
47,1505,708 East 26th - Commercial,2023-05-01,Interest Expense,74010,Interest Expense First Mortgage," 14,049.73 "
47,1505,708 East 26th - Commercial,2023-06-01,Interest Expense,74010,Interest Expense First Mortgage," 13,551.70 "
47,1505,708 East 26th - Commercial,2023-07-01,Interest Expense,74010,Interest Expense First Mortgage," 13,956.99 "
47,1505,708 East 26th - Commercial,2023-08-01,Interest Expense,74010,Interest Expense First Mortgage," 13,911.52 "
47,1505,708 East 26th - Commercial,2023-09-01,Interest Expense,74010,Interest Expense First Mortgage, (449.82)
36,1507,1712 Powell,2023-01-01,Interest Expense,74010,Interest Expense First Mortgage," 10,012.46 "
36,1507,1712 Powell,2024-01-01,Interest Expense,74010,Interest Expense First Mortgage," 9,683.26 "
36,1507,1712 Powell,2025-01-01,Interest Expense,74010,Interest Expense First Mortgage," 9,398.85 "
36,1507,1712 Powell,2026-01-01,Interest Expense,74010,Interest Expense First Mortgage," 9,079.28 "
36,1507,1712 Powell,2023-02-01,Interest Expense,74010,Interest Expense First Mortgage," 9,020.40 "
36,1507,1712 Powell,2023-03-01,Interest Expense,74010,Interest Expense First Mortgage," 9,961.23 "
36,1507,1712 Powell,2023-04-01,Interest Expense,74010,Interest Expense First Mortgage," 9,615.75 "
36,1507,1712 Powell,2023-05-01,Interest Expense,74010,Interest Expense First Mortgage," 9,911.26 "
36,1507,1712 Powell,2023-06-01,Interest Expense,74010,Interest Expense First Mortgage," 9,567.28 "
36,1507,1712 Powell,2023-07-01,Interest Expense,74010,Interest Expense First Mortgage," 9,861.06 "
36,1507,1712 Powell,2023-08-01,Interest Expense,74010,Interest Expense First Mortgage," 9,836.24 "
36,1507,1712 Powell,2023-09-01,Interest Expense,74010,Interest Expense First Mortgage," 9,494.52 "
36,1507,1712 Powell,2023-10-01,Interest Expense,74010,Interest Expense First Mortgage," 9,785.70 "
36,1507,1712 Powell,2023-11-01,Interest Expense,74010,Interest Expense First Mortgage," 9,445.49 "
36,1507,1712 Powell,2023-12-01,Interest Expense,74010,Interest Expense First Mortgage," 9,734.93 "
36,1507,1712 Powell,2024-02-01,Interest Expense,74010,Interest Expense First Mortgage," 9,034.32 "
36,1507,1712 Powell,2024-03-01,Interest Expense,74010,Interest Expense First Mortgage," 9,631.44 "
36,1507,1712 Powell,2024-04-01,Interest Expense,74010,Interest Expense First Mortgage," 9,295.94 "
36,1507,1712 Powell,2024-05-01,Interest Expense,74010,Interest Expense First Mortgage," 9,580.11 "
36,1507,1712 Powell,2024-06-01,Interest Expense,74010,Interest Expense First Mortgage," 9,246.15 "
36,1507,1712 Powell,2024-07-01,Interest Expense,74010,Interest Expense First Mortgage," 9,528.54 "
36,1507,1712 Powell,2024-08-01,Interest Expense,74010,Interest Expense First Mortgage," 9,503.02 "
36,1507,1712 Powell,2024-09-01,Interest Expense,74010,Interest Expense First Mortgage," 9,171.38 "
36,1507,1712 Powell,2024-10-01,Interest Expense,74010,Interest Expense First Mortgage," 9,451.11 "
36,1507,1712 Powell,2024-11-01,Interest Expense,74010,Interest Expense First Mortgage," 9,121.03 "
36,1507,1712 Powell,2024-12-01,Interest Expense,74010,Interest Expense First Mortgage," 9,398.95 "
36,1507,1712 Powell,2025-02-01,Interest Expense,74010,Interest Expense First Mortgage," 8,464.95 "
36,1507,1712 Powell,2025-03-01,Interest Expense,74010,Interest Expense First Mortgage," 9,344.91 "
36,1507,1712 Powell,2025-04-01,Interest Expense,74010,Interest Expense First Mortgage," 9,017.96 "
36,1507,1712 Powell,2025-05-01,Interest Expense,74010,Interest Expense First Mortgage," 9,292.13 "
36,1507,1712 Powell,2025-06-01,Interest Expense,74010,Interest Expense First Mortgage," 8,966.76 "
36,1507,1712 Powell,2025-07-01,Interest Expense,74010,Interest Expense First Mortgage," 9,239.11 "
36,1507,1712 Powell,2025-08-01,Interest Expense,74010,Interest Expense First Mortgage," 9,212.86 "
36,1507,1712 Powell,2025-09-01,Interest Expense,74010,Interest Expense First Mortgage," 8,889.87 "
36,1507,1712 Powell,2025-10-01,Interest Expense,74010,Interest Expense First Mortgage," 9,159.47 "
36,1507,1712 Powell,2025-11-01,Interest Expense,74010,Interest Expense First Mortgage," 8,838.09 "
36,1507,1712 Powell,2025-12-01,Interest Expense,74010,Interest Expense First Mortgage," 9,105.85 "
36,1507,1712 Powell,2026-02-01,Interest Expense,74010,Interest Expense First Mortgage," 8,175.68 "
36,1507,1712 Powell,2026-03-01,Interest Expense,74010,Interest Expense First Mortgage," 9,023.94 "
36,1507,1712 Powell,2026-04-01,Interest Expense,74010,Interest Expense First Mortgage," 8,706.63 "
36,1507,1712 Powell,2026-05-01,Interest Expense,74010,Interest Expense First Mortgage," 8,969.69 "
36,1507,1712 Powell,2026-06-01,Interest Expense,74010,Interest Expense First Mortgage," 8,654.01 "
36,1507,1712 Powell,2026-07-01,Interest Expense,74010,Interest Expense First Mortgage," 8,915.20 "
36,1507,1712 Powell,2026-08-01,Interest Expense,74010,Interest Expense First Mortgage," 8,888.20 "
32,1503,1 Alexander,2023-03-01,Interest Expense,74010,Interest Expense First Mortgage," 88,052.67 "
32,1503,1 Alexander,2023-04-01,Interest Expense,74010,Interest Expense First Mortgage," 29,158.07 "
32,1503,1 Alexander,2023-05-01,Interest Expense,74010,Interest Expense First Mortgage," 30,031.30 "
32,1503,1 Alexander,2023-06-01,Interest Expense,74010,Interest Expense First Mortgage," 28,966.76 "
32,1503,1 Alexander,2023-07-01,Interest Expense,74010,Interest Expense First Mortgage," 29,833.07 "
32,1503,1 Alexander,2023-08-01,Interest Expense,74010,Interest Expense First Mortgage," 29,737.12 "
32,1503,1 Alexander,2023-09-01,Interest Expense,74010,Interest Expense First Mortgage, (961.49)
31,1502,1638 West 3rd,2023-01-01,Interest Expense,74010,Interest Expense First Mortgage," 42,029.89 "
31,1502,1638 West 3rd,2024-01-01,Interest Expense,74010,Interest Expense First Mortgage," 46,963.53 "
31,1502,1638 West 3rd,2023-02-01,Interest Expense,74010,Interest Expense First Mortgage," 41,250.07 "
31,1502,1638 West 3rd,2023-03-01,Interest Expense,74010,Interest Expense First Mortgage," 48,464.77 "
31,1502,1638 West 3rd,2023-04-01,Interest Expense,74010,Interest Expense First Mortgage," 41,187.88 "
31,1502,1638 West 3rd,2023-05-01,Interest Expense,74010,Interest Expense First Mortgage," 45,558.62 "
31,1502,1638 West 3rd,2023-06-01,Interest Expense,74010,Interest Expense First Mortgage," 49,713.83 "
31,1502,1638 West 3rd,2023-07-01,Interest Expense,74010,Interest Expense First Mortgage," 43,433.23 "
31,1502,1638 West 3rd,2023-08-01,Interest Expense,74010,Interest Expense First Mortgage," 48,493.00 "
31,1502,1638 West 3rd,2023-09-01,Interest Expense,74010,Interest Expense First Mortgage," 50,192.58 "
31,1502,1638 West 3rd,2023-10-01,Interest Expense,74010,Interest Expense First Mortgage," 45,376.55 "
31,1502,1638 West 3rd,2023-11-01,Interest Expense,74010,Interest Expense First Mortgage," 46,931.60 "
31,1502,1638 West 3rd,2023-12-01,Interest Expense,74010,Interest Expense First Mortgage," 50,139.98 "
31,1502,1638 West 3rd,2024-02-01,Interest Expense,74010,Interest Expense First Mortgage," 45,503.58 "
31,1502,1638 West 3rd,2024-03-01,Interest Expense,74010,Interest Expense First Mortgage," 47,918.07 "
31,1502,1638 West 3rd,2024-04-01,Interest Expense,74010,Interest Expense First Mortgage," 47,943.18 "
31,1502,1638 West 3rd,2024-06-01,Interest Expense,74010,Interest Expense First Mortgage," 95,739.46 "
31,1502,1638 West 3rd,2024-07-01,Interest Expense,74010,Interest Expense First Mortgage," 47,869.73 "
77,1703,515-521 Great Northern Way,2026-01-01,Interest Expense,74010,Interest Expense First Mortgage," 318,838.39 "
77,1703,515-521 Great Northern Way,2026-02-01,Interest Expense,74010,Interest Expense First Mortgage," 318,729.62 "
77,1703,515-521 Great Northern Way,2026-03-01,Interest Expense,74010,Interest Expense First Mortgage," 329,942.01 "
72,1702,1428 Charles,2026-04-01,Interest Expense,74010,Interest Expense First Mortgage," 30,939.86 "
72,1702,1428 Charles,2026-05-01,Interest Expense,74010,Interest Expense First Mortgage," 29,906.23 "
72,1702,1428 Charles,2026-06-01,Interest Expense,74010,Interest Expense First Mortgage," 32,973.62 "
72,1702,1428 Charles,2026-07-01,Interest Expense,74010,Interest Expense First Mortgage," 31,971.20 "
72,1702,1428 Charles,2023-06-01,Interest Expense,74010,Interest Expense First Mortgage," 58,285.18 "
72,1702,1428 Charles,2023-07-01,Interest Expense,74010,Interest Expense First Mortgage," 50,921.72 "
72,1702,1428 Charles,2023-08-01,Interest Expense,74010,Interest Expense First Mortgage," 56,853.86 "
72,1702,1428 Charles,2023-09-01,Interest Expense,74010,Interest Expense First Mortgage," 58,846.47 "
72,1702,1428 Charles,2023-10-01,Interest Expense,74010,Interest Expense First Mortgage," 53,200.09 "
72,1702,1428 Charles,2023-11-01,Interest Expense,74010,Interest Expense First Mortgage," 55,023.25 "
72,1702,1428 Charles,2023-12-01,Interest Expense,74010,Interest Expense First Mortgage," 58,784.81 "
72,1702,1428 Charles,2024-02-01,Interest Expense,74010,Interest Expense First Mortgage," 53,349.03 "
72,1702,1428 Charles,2024-03-01,Interest Expense,74010,Interest Expense First Mortgage," 56,179.82 "
72,1702,1428 Charles,2024-04-01,Interest Expense,74010,Interest Expense First Mortgage," 56,209.24 "
72,1702,1428 Charles,2024-06-01,Interest Expense,74010,Interest Expense First Mortgage," 112,246.26 "
72,1702,1428 Charles,2024-07-01,Interest Expense,74010,Interest Expense First Mortgage," 56,123.13 "
72,1702,1428 Charles,2024-08-01,Interest Expense,74010,Interest Expense First Mortgage," 56,123.13 "
72,1702,1428 Charles,2024-09-01,Interest Expense,74010,Interest Expense First Mortgage," 56,123.13 "
72,1702,1428 Charles,2024-10-01,Interest Expense,74010,Interest Expense First Mortgage," 17,452.82 "
72,1702,1428 Charles,2025-11-01,Interest Expense,74010,Interest Expense First Mortgage," 29,346.45 "
72,1702,1428 Charles,2025-12-01,Interest Expense,74010,Interest Expense First Mortgage," 34,040.45 "
72,1702,1428 Charles,2026-02-01,Interest Expense,74010,Interest Expense First Mortgage," 28,877.23 "
72,1702,1428 Charles,2023-01-01,Interest Expense,74010,Interest Expense First Mortgage," 49,276.43 "
72,1702,1428 Charles,2024-01-01,Interest Expense,74010,Interest Expense First Mortgage," 55,060.69 "
72,1702,1428 Charles,2025-10-01,Interest Expense,74010,Interest Expense First Mortgage," 28,512.25 "
72,1702,1428 Charles,2026-01-01,Interest Expense,74010,Interest Expense First Mortgage," 30,930.92 "
72,1702,1428 Charles,2023-02-01,Interest Expense,74010,Interest Expense First Mortgage," 48,362.16 "
72,1702,1428 Charles,2023-03-01,Interest Expense,74010,Interest Expense First Mortgage," 56,820.76 "
72,1702,1428 Charles,2023-04-01,Interest Expense,74010,Interest Expense First Mortgage," 48,289.24 "
72,1702,1428 Charles,2023-05-01,Interest Expense,74010,Interest Expense First Mortgage," 53,413.56 "
72,1702,1428 Charles,2026-03-01,Interest Expense,74010,Interest Expense First Mortgage," 33,002.54 "
70,1701,727 East 17th - Funding Entity,2025-01-01,Interest Expense,74010,Interest Expense First Mortgage," 22,233.66 "
70,1701,727 East 17th - Funding Entity,2023-02-01,Interest Expense,74010,Interest Expense First Mortgage," 23,600.34 "
70,1701,727 East 17th - Funding Entity,2023-03-01,Interest Expense,74010,Interest Expense First Mortgage," 23,818.51 "
70,1701,727 East 17th - Funding Entity,2023-04-01,Interest Expense,74010,Interest Expense First Mortgage," 23,818.14 "
70,1701,727 East 17th - Funding Entity,2023-05-01,Interest Expense,74010,Interest Expense First Mortgage," 23,743.46 "
70,1701,727 East 17th - Funding Entity,2023-06-01,Interest Expense,74010,Interest Expense First Mortgage," 23,668.60 "
70,1701,727 East 17th - Funding Entity,2023-07-01,Interest Expense,74010,Interest Expense First Mortgage," 23,593.54 "
70,1701,727 East 17th - Funding Entity,2023-08-01,Interest Expense,74010,Interest Expense First Mortgage," 23,518.30 "
70,1701,727 East 17th - Funding Entity,2023-09-01,Interest Expense,74010,Interest Expense First Mortgage," 23,442.86 "
70,1701,727 East 17th - Funding Entity,2023-10-01,Interest Expense,74010,Interest Expense First Mortgage," 23,367.22 "
70,1701,727 East 17th - Funding Entity,2023-11-01,Interest Expense,74010,Interest Expense First Mortgage," 23,291.40 "
70,1701,727 East 17th - Funding Entity,2023-12-01,Interest Expense,74010,Interest Expense First Mortgage," 23,215.38 "
70,1701,727 East 17th - Funding Entity,2024-02-01,Interest Expense,74010,Interest Expense First Mortgage," 23,062.76 "
70,1701,727 East 17th - Funding Entity,2024-03-01,Interest Expense,74010,Interest Expense First Mortgage," 22,986.16 "
70,1701,727 East 17th - Funding Entity,2024-04-01,Interest Expense,74010,Interest Expense First Mortgage," 22,909.36 "
70,1701,727 East 17th - Funding Entity,2024-05-01,Interest Expense,74010,Interest Expense First Mortgage," 32,206.72 "
70,1701,727 East 17th - Funding Entity,2024-06-01,Interest Expense,74010,Interest Expense First Mortgage," 22,779.09 "
70,1701,727 East 17th - Funding Entity,2024-07-01,Interest Expense,74010,Interest Expense First Mortgage," 22,701.77 "
70,1701,727 East 17th - Funding Entity,2024-08-01,Interest Expense,74010,Interest Expense First Mortgage," 22,624.24 "
70,1701,727 East 17th - Funding Entity,2024-09-01,Interest Expense,74010,Interest Expense First Mortgage," 22,546.52 "
70,1701,727 East 17th - Funding Entity,2024-10-01,Interest Expense,74010,Interest Expense First Mortgage," 22,468.61 "
70,1701,727 East 17th - Funding Entity,2024-11-01,Interest Expense,74010,Interest Expense First Mortgage," 22,390.49 "
70,1701,727 East 17th - Funding Entity,2024-12-01,Interest Expense,74010,Interest Expense First Mortgage," 22,312.17 "
70,1701,727 East 17th - Funding Entity,2023-01-01,Interest Expense,74010,Interest Expense First Mortgage," 24,114.94 "
70,1701,727 East 17th - Funding Entity,2024-01-01,Interest Expense,74010,Interest Expense First Mortgage," 23,139.17 "
70,1701,727 East 17th - Funding Entity,2026-01-01,Interest Expense,74010,Interest Expense First Mortgage," 19,710.61 "
70,1701,727 East 17th - Funding Entity,2025-02-01,Interest Expense,74010,Interest Expense First Mortgage," 22,154.94 "
70,1701,727 East 17th - Funding Entity,2025-03-01,Interest Expense,74010,Interest Expense First Mortgage," 22,076.03 "
70,1701,727 East 17th - Funding Entity,2025-04-01,Interest Expense,74010,Interest Expense First Mortgage," 21,996.91 "
70,1701,727 East 17th - Funding Entity,2025-05-01,Interest Expense,74010,Interest Expense First Mortgage," 21,917.59 "
70,1701,727 East 17th - Funding Entity,2025-06-01,Interest Expense,74010,Interest Expense First Mortgage," 21,838.07 "
70,1701,727 East 17th - Funding Entity,2025-07-01,Interest Expense,74010,Interest Expense First Mortgage," 21,758.34 "
70,1701,727 East 17th - Funding Entity,2025-08-01,Interest Expense,74010,Interest Expense First Mortgage," 21,678.42 "
70,1701,727 East 17th - Funding Entity,2025-09-01,Interest Expense,74010,Interest Expense First Mortgage," 21,598.28 "
70,1701,727 East 17th - Funding Entity,2025-10-01,Interest Expense,74010,Interest Expense First Mortgage," 21,714.23 "
70,1701,727 East 17th - Funding Entity,2025-11-01,Interest Expense,74010,Interest Expense First Mortgage," 21,437.41 "
70,1701,727 East 17th - Funding Entity,2025-12-01,Interest Expense,74010,Interest Expense First Mortgage," 21,356.66 "
59,1505,708 East 26th Funding Entity,2024-02-01,Interest Expense,74010,Interest Expense First Mortgage," 21,339.70 "
59,1505,708 East 26th Funding Entity,2024-03-01,Interest Expense,74010,Interest Expense First Mortgage," 23,506.61 "
59,1505,708 East 26th Funding Entity,2024-04-01,Interest Expense,74010,Interest Expense First Mortgage," 21,276.31 "
59,1505,708 East 26th Funding Entity,2024-05-01,Interest Expense,74010,Interest Expense First Mortgage," 22,703.95 "
59,1505,708 East 26th Funding Entity,2024-06-01,Interest Expense,74010,Interest Expense First Mortgage," 21,953.84 "
59,1505,708 East 26th Funding Entity,2024-07-01,Interest Expense,74010,Interest Expense First Mortgage," 22,658.56 "
59,1505,708 East 26th Funding Entity,2024-08-01,Interest Expense,74010,Interest Expense First Mortgage," 22,616.48 "
59,1505,708 East 26th Funding Entity,2024-09-01,Interest Expense,74010,Interest Expense First Mortgage," 21,867.86 "
59,1505,708 East 26th Funding Entity,2024-10-01,Interest Expense,74010,Interest Expense First Mortgage," 22,546.70 "
59,1505,708 East 26th Funding Entity,2024-11-01,Interest Expense,74010,Interest Expense First Mortgage," 21,787.12 "
59,1505,708 East 26th Funding Entity,2024-12-01,Interest Expense,74010,Interest Expense First Mortgage," 22,485.46 "
59,1505,708 East 26th Funding Entity,2026-02-01,Interest Expense,74010,Interest Expense First Mortgage," 19,844.97 "
59,1505,708 East 26th Funding Entity,2026-03-01,Interest Expense,74010,Interest Expense First Mortgage," 21,925.11 "
59,1505,708 East 26th Funding Entity,2026-04-01,Interest Expense,74010,Interest Expense First Mortgage," 21,172.63 "
59,1505,708 East 26th Funding Entity,2026-05-01,Interest Expense,74010,Interest Expense First Mortgage," 22,528.47 "
59,1505,708 East 26th Funding Entity,2026-06-01,Interest Expense,74010,Interest Expense First Mortgage," 20,385.23 "
59,1505,708 East 26th Funding Entity,2023-09-01,Interest Expense,74010,Interest Expense First Mortgage," 24,458.21 "
59,1505,708 East 26th Funding Entity,2024-01-01,Interest Expense,74010,Interest Expense First Mortgage," 21,376.37 "
59,1505,708 East 26th Funding Entity,2026-01-01,Interest Expense,74010,Interest Expense First Mortgage," 21,998.09 "
59,1505,708 East 26th Funding Entity,2025-02-01,Interest Expense,74010,Interest Expense First Mortgage," 20,240.03 "
59,1505,708 East 26th Funding Entity,2025-03-01,Interest Expense,74010,Interest Expense First Mortgage," 22,363.55 "
59,1505,708 East 26th Funding Entity,2025-04-01,Interest Expense,74010,Interest Expense First Mortgage," 21,608.98 "
59,1505,708 East 26th Funding Entity,2025-05-01,Interest Expense,74010,Interest Expense First Mortgage," 22,291.17 "
59,1505,708 East 26th Funding Entity,2025-06-01,Interest Expense,74010,Interest Expense First Mortgage," 21,547.40 "
59,1505,708 East 26th Funding Entity,2025-07-01,Interest Expense,74010,Interest Expense First Mortgage," 22,218.11 "
59,1505,708 East 26th Funding Entity,2025-08-01,Interest Expense,74010,Interest Expense First Mortgage," 22,183.08 "
59,1505,708 East 26th Funding Entity,2025-09-01,Interest Expense,74010,Interest Expense First Mortgage," 21,442.28 "
59,1505,708 East 26th Funding Entity,2025-10-01,Interest Expense,74010,Interest Expense First Mortgage," 22,108.94 "
59,1505,708 East 26th Funding Entity,2025-11-01,Interest Expense,74010,Interest Expense First Mortgage," 21,361.32 "
59,1505,708 East 26th Funding Entity,2025-12-01,Interest Expense,74010,Interest Expense First Mortgage," 22,038.78 "
96,5103,112 Lake Street,2023-08-01,Interest Expense,74010,Interest Expense First Mortgage," 119,502.26 "
96,5103,112 Lake Street,2023-09-01,Interest Expense,74010,Interest Expense First Mortgage," 116,976.78 "
96,5103,112 Lake Street,2023-10-01,Interest Expense,74010,Interest Expense First Mortgage," 134,035.12 "
96,5103,112 Lake Street,2023-11-01,Interest Expense,74010,Interest Expense First Mortgage," 136,048.75 "
96,5103,112 Lake Street,2023-12-01,Interest Expense,74010,Interest Expense First Mortgage," 189,909.36 "
96,5103,112 Lake Street,2026-06-01,Interest Expense,74010,Interest Expense First Mortgage," 266,659.78 "
96,5103,112 Lake Street,2026-02-01,Interest Expense,74010,Interest Expense First Mortgage," 245,642.34 "
96,5103,112 Lake Street,2026-04-01,Interest Expense,74010,Interest Expense First Mortgage," 264,775.17 "
96,5103,112 Lake Street,2026-03-01,Interest Expense,74010,Interest Expense First Mortgage," 266,010.43 "
96,5103,112 Lake Street,2026-05-01,Interest Expense,74010,Interest Expense First Mortgage," 272,142.32 "
89,5101,First and Roy,2025-12-01,Interest Expense,74010,Interest Expense First Mortgage," 264,341.12 "
89,5101,First and Roy,2025-11-01,Interest Expense,74010,Interest Expense First Mortgage," 259,562.46 "
89,5101,First and Roy,2025-03-01,Interest Expense,74010,Interest Expense First Mortgage," 232,024.37 "
89,5101,First and Roy,2025-04-01,Interest Expense,74010,Interest Expense First Mortgage," 236,054.21 "
89,5101,First and Roy,2025-05-01,Interest Expense,74010,Interest Expense First Mortgage," 248,253.43 "
89,5101,First and Roy,2025-06-01,Interest Expense,74010,Interest Expense First Mortgage," 245,903.26 "
89,5101,First and Roy,2025-07-01,Interest Expense,74010,Interest Expense First Mortgage," 253,244.06 "
89,5101,First and Roy,2025-08-01,Interest Expense,74010,Interest Expense First Mortgage," 256,032.20 "
89,5101,First and Roy,2025-09-01,Interest Expense,74010,Interest Expense First Mortgage," 253,344.59 "
89,5101,First and Roy,2025-10-01,Interest Expense,74010,Interest Expense First Mortgage," 256,233.84 "
89,5101,First and Roy,2026-02-01,Interest Expense,74010,Interest Expense First Mortgage," 241,416.98 "
89,5101,First and Roy,2026-06-01,Interest Expense,74010,Interest Expense First Mortgage," 231,312.33 "
89,5101,First and Roy,2026-04-01,Interest Expense,74010,Interest Expense First Mortgage," 239,022.74 "
89,5101,First and Roy,2026-05-01,Interest Expense,74010,Interest Expense First Mortgage," 238,425.84 "
89,5101,First and Roy,2026-03-01,Interest Expense,74010,Interest Expense First Mortgage," 294,223.73 "
89,5101,First and Roy,2026-01-01,Interest Expense,74010,Interest Expense First Mortgage," 267,911.18 "
89,5101,First and Roy,2025-02-01,Interest Expense,74010,Interest Expense First Mortgage," 192,216.90 "
85,1704,155 Water - Funding Entity,2023-12-01,Interest Expense,74010,Interest Expense First Mortgage," (1,087.30)"
85,1704,155 Water - Funding Entity,2024-02-01,Interest Expense,74010,Interest Expense First Mortgage," 145,217.81 "
85,1704,155 Water - Funding Entity,2024-03-01,Interest Expense,74010,Interest Expense First Mortgage," 144,395.02 "
85,1704,155 Water - Funding Entity,2024-04-01,Interest Expense,74010,Interest Expense First Mortgage," 144,393.55 "
85,1704,155 Water - Funding Entity,2024-05-01,Interest Expense,74010,Interest Expense First Mortgage," 144,117.31 "
85,1704,155 Water - Funding Entity,2024-06-01,Interest Expense,74010,Interest Expense First Mortgage," 143,840.34 "
85,1704,155 Water - Funding Entity,2024-07-01,Interest Expense,74010,Interest Expense First Mortgage," 143,562.62 "
85,1704,155 Water - Funding Entity,2024-08-01,Interest Expense,74010,Interest Expense First Mortgage," 143,284.16 "
85,1704,155 Water - Funding Entity,2024-09-01,Interest Expense,74010,Interest Expense First Mortgage," 143,004.95 "
85,1704,155 Water - Funding Entity,2024-10-01,Interest Expense,74010,Interest Expense First Mortgage," 142,724.99 "
85,1704,155 Water - Funding Entity,2024-11-01,Interest Expense,74010,Interest Expense First Mortgage," 142,444.27 "
85,1704,155 Water - Funding Entity,2024-12-01,Interest Expense,74010,Interest Expense First Mortgage," 142,162.80 "
85,1704,155 Water - Funding Entity,2026-02-01,Interest Expense,74010,Interest Expense First Mortgage," 138,141.94 "
85,1704,155 Water - Funding Entity,2026-03-01,Interest Expense,74010,Interest Expense First Mortgage," 137,848.92 "
85,1704,155 Water - Funding Entity,2026-04-01,Interest Expense,74010,Interest Expense First Mortgage," 137,555.11 "
85,1704,155 Water - Funding Entity,2026-05-01,Interest Expense,74010,Interest Expense First Mortgage," 137,260.51 "
85,1704,155 Water - Funding Entity,2026-06-01,Interest Expense,74010,Interest Expense First Mortgage," 136,965.11 "
85,1704,155 Water - Funding Entity,2025-01-01,Interest Expense,74010,Interest Expense First Mortgage," 141,880.58 "
85,1704,155 Water - Funding Entity,2023-02-01,Interest Expense,74010,Interest Expense First Mortgage," 148,449.32 "
85,1704,155 Water - Funding Entity,2023-08-01,Interest Expense,74010,Interest Expense First Mortgage," 146,846.57 "
85,1704,155 Water - Funding Entity,2024-01-01,Interest Expense,74010,Interest Expense First Mortgage," 145,217.81 "
85,1704,155 Water - Funding Entity,2026-01-01,Interest Expense,74010,Interest Expense First Mortgage," 138,434.18 "
85,1704,155 Water - Funding Entity,2025-02-01,Interest Expense,74010,Interest Expense First Mortgage," 141,597.60 "
85,1704,155 Water - Funding Entity,2025-03-01,Interest Expense,74010,Interest Expense First Mortgage," 141,313.86 "
85,1704,155 Water - Funding Entity,2025-04-01,Interest Expense,74010,Interest Expense First Mortgage," 141,029.35 "
85,1704,155 Water - Funding Entity,2025-05-01,Interest Expense,74010,Interest Expense First Mortgage," 140,744.09 "
85,1704,155 Water - Funding Entity,2025-06-01,Interest Expense,74010,Interest Expense First Mortgage," 140,458.05 "
85,1704,155 Water - Funding Entity,2025-07-01,Interest Expense,74010,Interest Expense First Mortgage," 140,171.25 "
85,1704,155 Water - Funding Entity,2025-08-01,Interest Expense,74010,Interest Expense First Mortgage," 139,883.67 "
85,1704,155 Water - Funding Entity,2025-09-01,Interest Expense,74010,Interest Expense First Mortgage," 139,595.33 "
85,1704,155 Water - Funding Entity,2025-10-01,Interest Expense,74010,Interest Expense First Mortgage," 139,306.21 "
85,1704,155 Water - Funding Entity,2025-12-01,Interest Expense,74010,Interest Expense First Mortgage," 277,741.95 "
85,1704,155 Water - Funding Entity,2023-03-01,Interest Expense,74010,Interest Expense First Mortgage," 148,183.99 "
85,1704,155 Water - Funding Entity,2023-04-01,Interest Expense,74010,Interest Expense First Mortgage," 147,917.94 "
85,1704,155 Water - Funding Entity,2023-05-01,Interest Expense,74010,Interest Expense First Mortgage," 147,651.17 "
85,1704,155 Water - Funding Entity,2023-06-01,Interest Expense,74010,Interest Expense First Mortgage," (295,569.11)"
85,1704,155 Water - Funding Entity,2023-07-01,Interest Expense,74010,Interest Expense First Mortgage," (296,633.31)"
85,1704,155 Water - Funding Entity,2023-09-01,Interest Expense,74010,Interest Expense First Mortgage," 1,179,585.09 "
85,1704,155 Water - Funding Entity,2023-10-01,Interest Expense,74010,Interest Expense First Mortgage," 292,342.03 "
77,1703,515-521 Great Northern Way,2026-04-01,Interest Expense,74010,Interest Expense First Mortgage," 319,282.81 "
77,1703,515-521 Great Northern Way,2026-05-01,Interest Expense,74010,Interest Expense First Mortgage," 320,137.12 "
77,1703,515-521 Great Northern Way,2026-06-01,Interest Expense,74010,Interest Expense First Mortgage," 329,512.27 "
110,1803,700 Kingsway,2026-04-01,Interest Expense,74010,Interest Expense First Mortgage," 14,677.87 "
110,1803,700 Kingsway,2026-05-01,Interest Expense,74010,Interest Expense First Mortgage," 14,187.51 "
110,1803,700 Kingsway,2026-06-01,Interest Expense,74010,Interest Expense First Mortgage," 15,642.68 "
110,1803,700 Kingsway,2026-07-01,Interest Expense,74010,Interest Expense First Mortgage," 15,167.13 "
110,1803,700 Kingsway,2023-05-01,Interest Expense,74010,Interest Expense First Mortgage," 18,969.67 "
110,1803,700 Kingsway,2023-06-01,Interest Expense,74010,Interest Expense First Mortgage," 20,699.81 "
110,1803,700 Kingsway,2023-07-01,Interest Expense,74010,Interest Expense First Mortgage," 18,084.70 "
110,1803,700 Kingsway,2023-08-01,Interest Expense,74010,Interest Expense First Mortgage," 20,191.48 "
110,1803,700 Kingsway,2023-09-01,Interest Expense,74010,Interest Expense First Mortgage," 20,899.15 "
110,1803,700 Kingsway,2023-10-01,Interest Expense,74010,Interest Expense First Mortgage," 18,893.86 "
110,1803,700 Kingsway,2023-11-01,Interest Expense,74010,Interest Expense First Mortgage," 19,541.35 "
110,1803,700 Kingsway,2023-12-01,Interest Expense,74010,Interest Expense First Mortgage," 20,877.25 "
110,1803,700 Kingsway,2024-02-01,Interest Expense,74010,Interest Expense First Mortgage," 18,946.75 "
110,1803,700 Kingsway,2024-03-01,Interest Expense,74010,Interest Expense First Mortgage," 19,952.10 "
110,1803,700 Kingsway,2024-04-01,Interest Expense,74010,Interest Expense First Mortgage," 19,962.55 "
110,1803,700 Kingsway,2024-06-01,Interest Expense,74010,Interest Expense First Mortgage," 39,863.93 "
110,1803,700 Kingsway,2024-07-01,Interest Expense,74010,Interest Expense First Mortgage," 19,931.97 "
110,1803,700 Kingsway,2024-08-01,Interest Expense,74010,Interest Expense First Mortgage," 19,931.97 "
110,1803,700 Kingsway,2024-09-01,Interest Expense,74010,Interest Expense First Mortgage," 19,931.97 "
110,1803,700 Kingsway,2024-10-01,Interest Expense,74010,Interest Expense First Mortgage," 6,198.32 "
110,1803,700 Kingsway,2025-11-01,Interest Expense,74010,Interest Expense First Mortgage," 13,921.96 "
110,1803,700 Kingsway,2025-12-01,Interest Expense,74010,Interest Expense First Mortgage," 16,148.79 "
110,1803,700 Kingsway,2026-02-01,Interest Expense,74010,Interest Expense First Mortgage," 13,699.36 "
110,1803,700 Kingsway,2023-01-01,Interest Expense,74010,Interest Expense First Mortgage," 17,500.38 "
110,1803,700 Kingsway,2024-01-01,Interest Expense,74010,Interest Expense First Mortgage," 19,554.64 "
110,1803,700 Kingsway,2025-10-01,Interest Expense,74010,Interest Expense First Mortgage," 13,526.21 "
110,1803,700 Kingsway,2026-01-01,Interest Expense,74010,Interest Expense First Mortgage," 14,673.63 "
110,1803,700 Kingsway,2023-02-01,Interest Expense,74010,Interest Expense First Mortgage," 17,175.68 "
110,1803,700 Kingsway,2023-03-01,Interest Expense,74010,Interest Expense First Mortgage," 20,179.73 "
110,1803,700 Kingsway,2023-04-01,Interest Expense,74010,Interest Expense First Mortgage," 17,149.78 "
110,1803,700 Kingsway,2026-03-01,Interest Expense,74010,Interest Expense First Mortgage," 15,656.40 "
101,5104,207 Park Lane,2024-02-01,Interest Expense,74010,Interest Expense First Mortgage," 154,568.28 "
101,5104,207 Park Lane,2023-04-01,Interest Expense,74010,Interest Expense First Mortgage," 157,553.97 "
101,5104,207 Park Lane,2025-06-01,Interest Expense,74010,Interest Expense First Mortgage," 149,572.03 "
101,5104,207 Park Lane,2023-11-01,Interest Expense,74010,Interest Expense First Mortgage," 155,474.81 "
101,5104,207 Park Lane,2023-07-01,Interest Expense,74010,Interest Expense First Mortgage," 156,669.04 "
101,5104,207 Park Lane,2025-08-01,Interest Expense,74010,Interest Expense First Mortgage," 148,927.92 "
101,5104,207 Park Lane,2025-12-01,Interest Expense,74010,Interest Expense First Mortgage," 147,626.31 "
101,5104,207 Park Lane,2025-11-01,Interest Expense,74010,Interest Expense First Mortgage," 147,953.40 "
101,5104,207 Park Lane,2025-07-01,Interest Expense,74010,Interest Expense First Mortgage," 149,250.53 "
101,5104,207 Park Lane,2024-07-01,Interest Expense,74010,Interest Expense First Mortgage," 153,036.42 "
101,5104,207 Park Lane,2025-05-01,Interest Expense,74010,Interest Expense First Mortgage," 149,892.43 "
101,5104,207 Park Lane,2024-12-01,Interest Expense,74010,Interest Expense First Mortgage," 151,477.96 "
101,5104,207 Park Lane,2023-10-01,Interest Expense,74010,Interest Expense First Mortgage," 155,774.91 "
101,5104,207 Park Lane,2023-08-01,Interest Expense,74010,Interest Expense First Mortgage," 156,372.02 "
101,5104,207 Park Lane,2023-06-01,Interest Expense,74010,Interest Expense First Mortgage," 156,965.03 "
101,5104,207 Park Lane,2025-09-01,Interest Expense,74010,Interest Expense First Mortgage," 148,604.20 "
101,5104,207 Park Lane,2023-09-01,Interest Expense,74010,Interest Expense First Mortgage," 156,073.98 "
101,5104,207 Park Lane,2023-12-01,Interest Expense,74010,Interest Expense First Mortgage," 155,173.67 "
101,5104,207 Park Lane,2023-01-01,Interest Expense,74010,Interest Expense First Mortgage," 158,429.81 "
101,5104,207 Park Lane,2025-01-01,Interest Expense,74010,Interest Expense First Mortgage," 151,163.04 "
101,5104,207 Park Lane,2024-01-01,Interest Expense,74010,Interest Expense First Mortgage," 154,871.50 "
101,5104,207 Park Lane,2026-01-01,Interest Expense,74010,Interest Expense First Mortgage," 147,298.10 "
101,5104,207 Park Lane,2026-02-01,Interest Expense,74010,Interest Expense First Mortgage," 146,968.75 "
101,5104,207 Park Lane,2026-03-01,Interest Expense,74010,Interest Expense First Mortgage," 146,638.27 "
101,5104,207 Park Lane,2026-04-01,Interest Expense,74010,Interest Expense First Mortgage," 146,306.65 "
101,5104,207 Park Lane,2025-10-01,Interest Expense,74010,Interest Expense First Mortgage," 148,279.36 "
101,5104,207 Park Lane,2024-08-01,Interest Expense,74010,Interest Expense First Mortgage," 152,726.87 "
101,5104,207 Park Lane,2023-03-01,Interest Expense,74010,Interest Expense First Mortgage," 157,846.93 "
101,5104,207 Park Lane,2024-04-01,Interest Expense,74010,Interest Expense First Mortgage," 153,958.70 "
101,5104,207 Park Lane,2023-05-01,Interest Expense,74010,Interest Expense First Mortgage," 157,260.01 "
101,5104,207 Park Lane,2023-02-01,Interest Expense,74010,Interest Expense First Mortgage," 158,138.87 "
101,5104,207 Park Lane,2025-03-01,Interest Expense,74010,Interest Expense First Mortgage," 150,529.92 "
101,5104,207 Park Lane,2024-11-01,Interest Expense,74010,Interest Expense First Mortgage," 151,791.80 "
101,5104,207 Park Lane,2024-10-01,Interest Expense,74010,Interest Expense First Mortgage," 152,104.57 "
101,5104,207 Park Lane,2024-09-01,Interest Expense,74010,Interest Expense First Mortgage," 152,416.26 "
101,5104,207 Park Lane,2024-05-01,Interest Expense,74010,Interest Expense First Mortgage," 153,652.33 "
101,5104,207 Park Lane,2024-03-01,Interest Expense,74010,Interest Expense First Mortgage," 154,264.01 "
101,5104,207 Park Lane,2025-04-01,Interest Expense,74010,Interest Expense First Mortgage," 150,211.72 "
101,5104,207 Park Lane,2024-06-01,Interest Expense,74010,Interest Expense First Mortgage," 153,344.91 "
101,5104,207 Park Lane,2025-02-01,Interest Expense,74010,Interest Expense First Mortgage," 150,847.02 "
101,5104,207 Park Lane,2026-06-01,Interest Expense,74010,Interest Expense First Mortgage," 145,639.96 "
96,5103,112 Lake Street,2024-12-01,Interest Expense,74010,Interest Expense First Mortgage," 329,700.22 "
96,5103,112 Lake Street,2024-04-01,Interest Expense,74010,Interest Expense First Mortgage," 391,707.56 "
96,5103,112 Lake Street,2024-10-01,Interest Expense,74010,Interest Expense First Mortgage," 366,333.58 "
96,5103,112 Lake Street,2024-06-01,Interest Expense,74010,Interest Expense First Mortgage," 351,727.19 "
96,5103,112 Lake Street,2024-07-01,Interest Expense,74010,Interest Expense First Mortgage," 390,098.29 "
96,5103,112 Lake Street,2025-04-01,Interest Expense,74010,Interest Expense First Mortgage," 329,582.00 "
96,5103,112 Lake Street,2024-11-01,Interest Expense,74010,Interest Expense First Mortgage," 359,977.52 "
96,5103,112 Lake Street,2024-08-01,Interest Expense,74010,Interest Expense First Mortgage," 415,146.74 "
96,5103,112 Lake Street,2024-09-01,Interest Expense,74010,Interest Expense First Mortgage," 348,408.27 "
96,5103,112 Lake Street,2024-05-01,Interest Expense,74010,Interest Expense First Mortgage," 413,941.28 "
96,5103,112 Lake Street,2025-11-01,Interest Expense,74010,Interest Expense First Mortgage," 233,101.84 "
96,5103,112 Lake Street,2025-09-01,Interest Expense,74010,Interest Expense First Mortgage," 312,330.51 "
96,5103,112 Lake Street,2025-08-01,Interest Expense,74010,Interest Expense First Mortgage," 349,925.41 "
96,5103,112 Lake Street,2025-02-01,Interest Expense,74010,Interest Expense First Mortgage," 308,189.26 "
96,5103,112 Lake Street,2025-03-01,Interest Expense,74010,Interest Expense First Mortgage," 317,930.99 "
96,5103,112 Lake Street,2025-10-01,Interest Expense,74010,Interest Expense First Mortgage," 323,965.30 "
96,5103,112 Lake Street,2024-03-01,Interest Expense,74010,Interest Expense First Mortgage," 409,901.52 "
96,5103,112 Lake Street,2025-12-01,Interest Expense,74010,Interest Expense First Mortgage," 277,420.29 "
96,5103,112 Lake Street,2025-05-01,Interest Expense,74010,Interest Expense First Mortgage," 349,218.85 "
96,5103,112 Lake Street,2025-07-01,Interest Expense,74010,Interest Expense First Mortgage," 339,086.55 "
96,5103,112 Lake Street,2025-06-01,Interest Expense,74010,Interest Expense First Mortgage," 315,641.47 "
96,5103,112 Lake Street,2024-02-01,Interest Expense,74010,Interest Expense First Mortgage," 382,584.70 "
96,5103,112 Lake Street,2025-01-01,Interest Expense,74010,Interest Expense First Mortgage," 374,322.17 "
96,5103,112 Lake Street,2024-01-01,Interest Expense,74010,Interest Expense First Mortgage," 397,039.19 "
96,5103,112 Lake Street,2023-07-01,Interest Expense,74010,Interest Expense First Mortgage," 104,297.26 "
96,5103,112 Lake Street,2026-01-01,Interest Expense,74010,Interest Expense First Mortgage," 264,484.64 "
124,1604,901 Great Northern Way - Development,2024-12-01,Interest Expense,74010,Interest Expense First Mortgage," 1,618,820.06 "
124,1604,901 Great Northern Way - Development,2025-01-01,Interest Expense,74010,Interest Expense First Mortgage," 122,571.39 "
124,1604,901 Great Northern Way - Development,2026-01-01,Interest Expense,74010,Interest Expense First Mortgage," 134,826.18 "
121,5106,1515 Bellevue Way,2026-03-01,Interest Expense,74010,Interest Expense First Mortgage," 230,203.75 "
121,5106,1515 Bellevue Way,2026-05-01,Interest Expense,74010,Interest Expense First Mortgage," 229,585.60 "
121,5106,1515 Bellevue Way,2024-01-01,Interest Expense,74010,Interest Expense First Mortgage," 231,737.70 "
121,5106,1515 Bellevue Way,2023-01-01,Interest Expense,74010,Interest Expense First Mortgage," 232,372.60 "
121,5106,1515 Bellevue Way,2025-01-01,Interest Expense,74010,Interest Expense First Mortgage," 232,372.60 "
121,5106,1515 Bellevue Way,2026-01-01,Interest Expense,74010,Interest Expense First Mortgage," 230,874.40 "
121,5106,1515 Bellevue Way,2023-02-01,Interest Expense,74010,Interest Expense First Mortgage," 209,884.93 "
121,5106,1515 Bellevue Way,2023-03-01,Interest Expense,74010,Interest Expense First Mortgage," 232,372.60 "
121,5106,1515 Bellevue Way,2023-04-01,Interest Expense,74010,Interest Expense First Mortgage," 224,876.71 "
121,5106,1515 Bellevue Way,2023-05-01,Interest Expense,74010,Interest Expense First Mortgage," 232,372.60 "
121,5106,1515 Bellevue Way,2023-06-01,Interest Expense,74010,Interest Expense First Mortgage," 224,876.71 "
121,5106,1515 Bellevue Way,2023-07-01,Interest Expense,74010,Interest Expense First Mortgage," 232,372.60 "
121,5106,1515 Bellevue Way,2023-08-01,Interest Expense,74010,Interest Expense First Mortgage," 232,372.60 "
121,5106,1515 Bellevue Way,2023-09-01,Interest Expense,74010,Interest Expense First Mortgage," 224,876.71 "
121,5106,1515 Bellevue Way,2023-10-01,Interest Expense,74010,Interest Expense First Mortgage," 232,372.60 "
121,5106,1515 Bellevue Way,2023-11-01,Interest Expense,74010,Interest Expense First Mortgage," 224,876.71 "
121,5106,1515 Bellevue Way,2023-12-01,Interest Expense,74010,Interest Expense First Mortgage," 232,372.60 "
121,5106,1515 Bellevue Way,2024-02-01,Interest Expense,74010,Interest Expense First Mortgage," 216,786.89 "
121,5106,1515 Bellevue Way,2024-03-01,Interest Expense,74010,Interest Expense First Mortgage," 231,737.70 "
121,5106,1515 Bellevue Way,2024-04-01,Interest Expense,74010,Interest Expense First Mortgage," 224,262.30 "
121,5106,1515 Bellevue Way,2024-05-01,Interest Expense,74010,Interest Expense First Mortgage," 231,737.70 "
121,5106,1515 Bellevue Way,2024-06-01,Interest Expense,74010,Interest Expense First Mortgage," 224,262.30 "
121,5106,1515 Bellevue Way,2024-07-01,Interest Expense,74010,Interest Expense First Mortgage," 231,737.70 "
121,5106,1515 Bellevue Way,2024-08-01,Interest Expense,74010,Interest Expense First Mortgage," 231,737.70 "
121,5106,1515 Bellevue Way,2024-09-01,Interest Expense,74010,Interest Expense First Mortgage," 224,262.30 "
121,5106,1515 Bellevue Way,2024-10-01,Interest Expense,74010,Interest Expense First Mortgage," 231,737.70 "
121,5106,1515 Bellevue Way,2024-11-01,Interest Expense,74010,Interest Expense First Mortgage," 224,262.30 "
121,5106,1515 Bellevue Way,2024-12-01,Interest Expense,74010,Interest Expense First Mortgage," 231,737.70 "
121,5106,1515 Bellevue Way,2025-02-01,Interest Expense,74010,Interest Expense First Mortgage," 209,884.93 "
121,5106,1515 Bellevue Way,2025-03-01,Interest Expense,74010,Interest Expense First Mortgage," 232,372.60 "
121,5106,1515 Bellevue Way,2025-04-01,Interest Expense,74010,Interest Expense First Mortgage," 224,876.71 "
121,5106,1515 Bellevue Way,2025-05-01,Interest Expense,74010,Interest Expense First Mortgage," 232,372.60 "
121,5106,1515 Bellevue Way,2025-06-01,Interest Expense,74010,Interest Expense First Mortgage," 224,876.71 "
121,5106,1515 Bellevue Way,2025-07-01,Interest Expense,74010,Interest Expense First Mortgage," 232,372.60 "
121,5106,1515 Bellevue Way,2025-08-01,Interest Expense,74010,Interest Expense First Mortgage," 232,372.60 "
121,5106,1515 Bellevue Way,2025-09-01,Interest Expense,74010,Interest Expense First Mortgage," 224,600.18 "
121,5106,1515 Bellevue Way,2025-10-01,Interest Expense,74010,Interest Expense First Mortgage," 231,771.01 "
121,5106,1515 Bellevue Way,2025-11-01,Interest Expense,74010,Interest Expense First Mortgage," 224,015.74 "
121,5106,1515 Bellevue Way,2025-12-01,Interest Expense,74010,Interest Expense First Mortgage," 231,164.82 "
121,5106,1515 Bellevue Way,2026-02-01,Interest Expense,74010,Interest Expense First Mortgage," 208,268.38 "
121,5106,1515 Bellevue Way,2026-04-01,Interest Expense,74010,Interest Expense First Mortgage," 222,493.16 "
116,1602,887 Great Northern Way,2023-05-01,Interest Expense,74010,Interest Expense First Mortgage," 137,525.80 "
116,1602,887 Great Northern Way,2023-06-01,Interest Expense,74010,Interest Expense First Mortgage," 137,149.79 "
116,1602,887 Great Northern Way,2023-07-01,Interest Expense,74010,Interest Expense First Mortgage," 136,772.96 "
116,1602,887 Great Northern Way,2023-08-01,Interest Expense,74010,Interest Expense First Mortgage," 136,395.30 "
116,1602,887 Great Northern Way,2023-09-01,Interest Expense,74010,Interest Expense First Mortgage," 136,016.81 "
116,1602,887 Great Northern Way,2023-10-01,Interest Expense,74010,Interest Expense First Mortgage," 135,637.49 "
116,1602,887 Great Northern Way,2023-11-01,Interest Expense,74010,Interest Expense First Mortgage," 135,257.35 "
116,1602,887 Great Northern Way,2023-12-01,Interest Expense,74010,Interest Expense First Mortgage," 134,876.37 "
116,1602,887 Great Northern Way,2024-02-01,Interest Expense,74010,Interest Expense First Mortgage," 134,111.92 "
116,1602,887 Great Northern Way,2024-03-01,Interest Expense,74010,Interest Expense First Mortgage," 133,728.44 "
116,1602,887 Great Northern Way,2024-04-01,Interest Expense,74010,Interest Expense First Mortgage," 133,344.12 "
116,1602,887 Great Northern Way,2024-05-01,Interest Expense,74010,Interest Expense First Mortgage," 132,958.95 "
116,1602,887 Great Northern Way,2024-06-01,Interest Expense,74010,Interest Expense First Mortgage," 132,572.95 "
116,1602,887 Great Northern Way,2024-07-01,Interest Expense,74010,Interest Expense First Mortgage," 132,186.10 "
116,1602,887 Great Northern Way,2024-08-01,Interest Expense,74010,Interest Expense First Mortgage," 131,798.40 "
116,1602,887 Great Northern Way,2024-09-01,Interest Expense,74010,Interest Expense First Mortgage," 131,409.86 "
116,1602,887 Great Northern Way,2024-10-01,Interest Expense,74010,Interest Expense First Mortgage," 131,020.46 "
116,1602,887 Great Northern Way,2024-11-01,Interest Expense,74010,Interest Expense First Mortgage," 130,630.22 "
116,1602,887 Great Northern Way,2024-12-01,Interest Expense,74010,Interest Expense First Mortgage," 130,239.12 "
116,1602,887 Great Northern Way,2026-02-01,Interest Expense,74010,Interest Expense First Mortgage," 124,673.00 "
116,1602,887 Great Northern Way,2026-03-01,Interest Expense,74010,Interest Expense First Mortgage," 124,268.87 "
116,1602,887 Great Northern Way,2026-04-01,Interest Expense,74010,Interest Expense First Mortgage," 123,863.85 "
116,1602,887 Great Northern Way,2026-05-01,Interest Expense,74010,Interest Expense First Mortgage," 123,457.94 "
116,1602,887 Great Northern Way,2026-06-01,Interest Expense,74010,Interest Expense First Mortgage," 123,051.15 "
116,1602,887 Great Northern Way,2025-05-01,Interest Expense,74010,Interest Expense First Mortgage," 128,270.74 "
116,1602,887 Great Northern Way,2025-06-01,Interest Expense,74010,Interest Expense First Mortgage," 127,874.48 "
116,1602,887 Great Northern Way,2025-07-01,Interest Expense,74010,Interest Expense First Mortgage," 127,477.35 "
116,1602,887 Great Northern Way,2025-08-01,Interest Expense,74010,Interest Expense First Mortgage," 127,079.35 "
116,1602,887 Great Northern Way,2025-09-01,Interest Expense,74010,Interest Expense First Mortgage," 126,680.48 "
116,1602,887 Great Northern Way,2025-10-01,Interest Expense,74010,Interest Expense First Mortgage," 126,280.74 "
116,1602,887 Great Northern Way,2025-11-01,Interest Expense,74010,Interest Expense First Mortgage," 125,880.12 "
116,1602,887 Great Northern Way,2025-12-01,Interest Expense,74010,Interest Expense First Mortgage," 125,478.63 "
116,1602,887 Great Northern Way,2023-02-01,Interest Expense,74010,Interest Expense First Mortgage," 138,648.92 "
116,1602,887 Great Northern Way,2023-03-01,Interest Expense,74010,Interest Expense First Mortgage," 138,275.37 "
116,1602,887 Great Northern Way,2023-04-01,Interest Expense,74010,Interest Expense First Mortgage," 137,901.00 "
116,1602,887 Great Northern Way,2025-01-01,Interest Expense,74010,Interest Expense First Mortgage," 129,847.16 "
116,1602,887 Great Northern Way,2023-01-01,Interest Expense,74010,Interest Expense First Mortgage," 139,021.66 "
116,1602,887 Great Northern Way,2024-01-01,Interest Expense,74010,Interest Expense First Mortgage," 134,494.56 "
116,1602,887 Great Northern Way,2026-01-01,Interest Expense,74010,Interest Expense First Mortgage," 125,076.26 "
116,1602,887 Great Northern Way,2025-02-01,Interest Expense,74010,Interest Expense First Mortgage," 129,454.35 "
116,1602,887 Great Northern Way,2025-03-01,Interest Expense,74010,Interest Expense First Mortgage," 129,060.67 "
116,1602,887 Great Northern Way,2025-04-01,Interest Expense,74010,Interest Expense First Mortgage," 128,666.14 "
116,1602,887 Great Northern Way,2026-07-01,Interest Expense,74010,Interest Expense First Mortgage," 122,643.47 "
114,5105,1915 3rd Avenue Belltown,2023-01-01,Interest Expense,74010,Interest Expense First Mortgage," 5,101.48 "
114,5105,1915 3rd Avenue Belltown,2024-01-01,Interest Expense,74010,Interest Expense First Mortgage," 4,815.88 "
114,5105,1915 3rd Avenue Belltown,2023-02-01,Interest Expense,74010,Interest Expense First Mortgage," 4,474.40 "
114,5105,1915 3rd Avenue Belltown,2023-03-01,Interest Expense,74010,Interest Expense First Mortgage," 4,311.68 "
114,5105,1915 3rd Avenue Belltown,2023-04-01,Interest Expense,74010,Interest Expense First Mortgage," 5,071.70 "
114,5105,1915 3rd Avenue Belltown,2023-05-01,Interest Expense,74010,Interest Expense First Mortgage," 4,448.23 "
114,5105,1915 3rd Avenue Belltown,2023-06-01,Interest Expense,74010,Interest Expense First Mortgage," 4,592.60 "
114,5105,1915 3rd Avenue Belltown,2023-07-01,Interest Expense,74010,Interest Expense First Mortgage," 3,817.48 "
114,5105,1915 3rd Avenue Belltown,2023-08-01,Interest Expense,74010,Interest Expense First Mortgage," 5,097.13 "
114,5105,1915 3rd Avenue Belltown,2023-09-01,Interest Expense,74010,Interest Expense First Mortgage," 4,332.92 "
114,5105,1915 3rd Avenue Belltown,2023-10-01,Interest Expense,74010,Interest Expense First Mortgage," 15,760.41 "
114,5105,1915 3rd Avenue Belltown,2023-11-01,Interest Expense,74010,Interest Expense First Mortgage," 4,904.14 "
114,5105,1915 3rd Avenue Belltown,2023-12-01,Interest Expense,74010,Interest Expense First Mortgage," 4,161.54 "
114,5105,1915 3rd Avenue Belltown,2024-02-01,Interest Expense,74010,Interest Expense First Mortgage," 4,464.55 "
114,5105,1915 3rd Avenue Belltown,2024-03-01,Interest Expense,74010,Interest Expense First Mortgage," 4,336.74 "
114,5105,1915 3rd Avenue Belltown,2024-04-01,Interest Expense,74010,Interest Expense First Mortgage," 4,792.09 "
114,5105,1915 3rd Avenue Belltown,2024-05-01,Interest Expense,74010,Interest Expense First Mortgage," 4,676.94 "
114,5105,1915 3rd Avenue Belltown,2024-06-01,Interest Expense,74010,Interest Expense First Mortgage," 3,471.09 "
114,5105,1915 3rd Avenue Belltown,2024-07-01,Interest Expense,74010,Interest Expense First Mortgage," 5,627.77 "
114,5105,1915 3rd Avenue Belltown,2024-08-01,Interest Expense,74010,Interest Expense First Mortgage," 4,589.61 "
114,5105,1915 3rd Avenue Belltown,2024-09-01,Interest Expense,74010,Interest Expense First Mortgage," (4,895.00)"
142,5111,1000 100th Ave - Lux,2025-03-01,Interest Expense,74010,Interest Expense First Mortgage," 123,645.62 "
142,5111,1000 100th Ave - Lux,2025-04-01,Interest Expense,74010,Interest Expense First Mortgage," 119,394.27 "
142,5111,1000 100th Ave - Lux,2025-05-01,Interest Expense,74010,Interest Expense First Mortgage," 123,091.12 "
142,5111,1000 100th Ave - Lux,2025-06-01,Interest Expense,74010,Interest Expense First Mortgage," 118,856.22 "
142,5111,1000 100th Ave - Lux,2025-07-01,Interest Expense,74010,Interest Expense First Mortgage," 122,533.69 "
142,5111,1000 100th Ave - Lux,2025-08-01,Interest Expense,74010,Interest Expense First Mortgage," 122,259.17 "
142,5111,1000 100th Ave - Lux,2025-09-01,Interest Expense,74010,Interest Expense First Mortgage," 118,048.94 "
142,5111,1000 100th Ave - Lux,2025-10-01,Interest Expense,74010,Interest Expense First Mortgage," 121,697.34 "
142,5111,1000 100th Ave - Lux,2025-11-01,Interest Expense,74010,Interest Expense First Mortgage," 117,503.77 "
142,5111,1000 100th Ave - Lux,2025-12-01,Interest Expense,74010,Interest Expense First Mortgage," 121,132.54 "
142,5111,1000 100th Ave - Lux,2026-03-01,Interest Expense,74010,Interest Expense First Mortgage," 120,264.11 "
142,5111,1000 100th Ave - Lux,2026-05-01,Interest Expense,74010,Interest Expense First Mortgage," 119,691.74 "
142,5111,1000 100th Ave - Lux,2026-02-01,Interest Expense,74010,Interest Expense First Mortgage," 108,906.64 "
142,5111,1000 100th Ave - Lux,2023-05-01,Interest Expense,74010,Interest Expense First Mortgage," 129,576.13 "
142,5111,1000 100th Ave - Lux,2023-06-01,Interest Expense,74010,Interest Expense First Mortgage," 125,148.88 "
142,5111,1000 100th Ave - Lux,2023-07-01,Interest Expense,74010,Interest Expense First Mortgage," 129,053.00 "
142,5111,1000 100th Ave - Lux,2023-08-01,Interest Expense,74010,Interest Expense First Mortgage," 128,795.97 "
142,5111,1000 100th Ave - Lux,2023-09-01,Interest Expense,74010,Interest Expense First Mortgage," 124,391.85 "
142,5111,1000 100th Ave - Lux,2023-10-01,Interest Expense,74010,Interest Expense First Mortgage," 128,268.71 "
142,5111,1000 100th Ave - Lux,2023-11-01,Interest Expense,74010,Interest Expense First Mortgage," 123,880.23 "
142,5111,1000 100th Ave - Lux,2023-12-01,Interest Expense,74010,Interest Expense First Mortgage," 127,738.66 "
142,5111,1000 100th Ave - Lux,2024-02-01,Interest Expense,74010,Interest Expense First Mortgage," 118,683.27 "
142,5111,1000 100th Ave - Lux,2024-03-01,Interest Expense,74010,Interest Expense First Mortgage," 126,584.24 "
142,5111,1000 100th Ave - Lux,2024-04-01,Interest Expense,74010,Interest Expense First Mortgage," 122,246.42 "
142,5111,1000 100th Ave - Lux,2023-01-01,Interest Expense,74010,Interest Expense First Mortgage," 130,636.62 "
142,5111,1000 100th Ave - Lux,2025-01-01,Interest Expense,74010,Interest Expense First Mortgage," 124,218.55 "
142,5111,1000 100th Ave - Lux,2024-01-01,Interest Expense,74010,Interest Expense First Mortgage," 127,129.80 "
142,5111,1000 100th Ave - Lux,2026-01-01,Interest Expense,74010,Interest Expense First Mortgage," 120,854.25 "
142,5111,1000 100th Ave - Lux,2023-02-01,Interest Expense,74010,Interest Expense First Mortgage," 117,766.05 "
142,5111,1000 100th Ave - Lux,2023-03-01,Interest Expense,74010,Interest Expense First Mortgage," 130,096.52 "
142,5111,1000 100th Ave - Lux,2023-04-01,Interest Expense,74010,Interest Expense First Mortgage," 125,653.83 "
142,5111,1000 100th Ave - Lux,2026-06-01,Interest Expense,74010,Interest Expense First Mortgage," 115,557.66 "
141,5110,1942 Westlake - Met Tower,2026-02-01,Interest Expense,74010,Interest Expense First Mortgage," 492,234.43 "
141,5110,1942 Westlake - Met Tower,2026-04-01,Interest Expense,74010,Interest Expense First Mortgage," 525,871.18 "
141,5110,1942 Westlake - Met Tower,2024-01-01,Interest Expense,74010,Interest Expense First Mortgage," 528,916.11 "
141,5110,1942 Westlake - Met Tower,2023-01-01,Interest Expense,74010,Interest Expense First Mortgage," 511,286.05 "
141,5110,1942 Westlake - Met Tower,2025-01-01,Interest Expense,74010,Interest Expense First Mortgage," 564,177.14 "
141,5110,1942 Westlake - Met Tower,2026-01-01,Interest Expense,74010,Interest Expense First Mortgage," 545,760.58 "
141,5110,1942 Westlake - Met Tower,2024-02-01,Interest Expense,74010,Interest Expense First Mortgage," 511,285.70 "
141,5110,1942 Westlake - Met Tower,2024-03-01,Interest Expense,74010,Interest Expense First Mortgage," 546,554.48 "
141,5110,1942 Westlake - Met Tower,2024-08-01,Interest Expense,74010,Interest Expense First Mortgage," 581,807.83 "
141,5110,1942 Westlake - Met Tower,2023-02-01,Interest Expense,74010,Interest Expense First Mortgage," 493,655.50 "
141,5110,1942 Westlake - Met Tower,2024-12-01,Interest Expense,74010,Interest Expense First Mortgage," 546,546.80 "
141,5110,1942 Westlake - Met Tower,2024-06-01,Interest Expense,74010,Interest Expense First Mortgage," 493,655.78 "
141,5110,1942 Westlake - Met Tower,2023-06-01,Interest Expense,74010,Interest Expense First Mortgage," 564,177.16 "
141,5110,1942 Westlake - Met Tower,2024-04-01,Interest Expense,74010,Interest Expense First Mortgage," 529,008.62 "
141,5110,1942 Westlake - Met Tower,2023-10-01,Interest Expense,74010,Interest Expense First Mortgage," 528,916.98 "
141,5110,1942 Westlake - Met Tower,2025-10-01,Interest Expense,74010,Interest Expense First Mortgage," 581,808.15 "
141,5110,1942 Westlake - Met Tower,2025-02-01,Interest Expense,74010,Interest Expense First Mortgage," 493,655.05 "
141,5110,1942 Westlake - Met Tower,2024-11-01,Interest Expense,74010,Interest Expense First Mortgage," 546,547.10 "
141,5110,1942 Westlake - Met Tower,2024-05-01,Interest Expense,74010,Interest Expense First Mortgage," 581,807.82 "
141,5110,1942 Westlake - Met Tower,2023-11-01,Interest Expense,74010,Interest Expense First Mortgage," 528,916.81 "
141,5110,1942 Westlake - Met Tower,2023-04-01,Interest Expense,74010,Interest Expense First Mortgage," 493,649.35 "
141,5110,1942 Westlake - Met Tower,2024-09-01,Interest Expense,74010,Interest Expense First Mortgage," 493,655.49 "
141,5110,1942 Westlake - Met Tower,2023-08-01,Interest Expense,74010,Interest Expense First Mortgage," 546,546.74 "
141,5110,1942 Westlake - Met Tower,2023-05-01,Interest Expense,74010,Interest Expense First Mortgage," 546,546.90 "
141,5110,1942 Westlake - Met Tower,2023-03-01,Interest Expense,74010,Interest Expense First Mortgage," 581,808.52 "
141,5110,1942 Westlake - Met Tower,2023-12-01,Interest Expense,74010,Interest Expense First Mortgage," 564,177.11 "
141,5110,1942 Westlake - Met Tower,2025-11-01,Interest Expense,74010,Interest Expense First Mortgage," 493,655.47 "
141,5110,1942 Westlake - Met Tower,2025-09-01,Interest Expense,74010,Interest Expense First Mortgage," 511,285.78 "
141,5110,1942 Westlake - Met Tower,2024-10-01,Interest Expense,74010,Interest Expense First Mortgage," 546,447.84 "
141,5110,1942 Westlake - Met Tower,2023-07-01,Interest Expense,74010,Interest Expense First Mortgage," 511,286.34 "
141,5110,1942 Westlake - Met Tower,2025-03-01,Interest Expense,74010,Interest Expense First Mortgage," 511,285.95 "
141,5110,1942 Westlake - Met Tower,2024-07-01,Interest Expense,74010,Interest Expense First Mortgage," 546,547.18 "
141,5110,1942 Westlake - Met Tower,2023-09-01,Interest Expense,74010,Interest Expense First Mortgage," 546,547.01 "
141,5110,1942 Westlake - Met Tower,2025-12-01,Interest Expense,74010,Interest Expense First Mortgage," 564,177.86 "
141,5110,1942 Westlake - Met Tower,2025-04-01,Interest Expense,74010,Interest Expense First Mortgage," 528,916.80 "
141,5110,1942 Westlake - Met Tower,2025-08-01,Interest Expense,74010,Interest Expense First Mortgage," 564,177.95 "
141,5110,1942 Westlake - Met Tower,2025-05-01,Interest Expense,74010,Interest Expense First Mortgage," 612,904.33 "
141,5110,1942 Westlake - Met Tower,2025-07-01,Interest Expense,74010,Interest Expense First Mortgage," 546,546.86 "
141,5110,1942 Westlake - Met Tower,2025-06-01,Interest Expense,74010,Interest Expense First Mortgage," 462,559.76 "
141,5110,1942 Westlake - Met Tower,2026-03-01,Interest Expense,74010,Interest Expense First Mortgage," 526,632.80 "
141,5110,1942 Westlake - Met Tower,2026-05-01,Interest Expense,74010,Interest Expense First Mortgage," 542,702.03 "
141,5110,1942 Westlake - Met Tower,2026-06-01,Interest Expense,74010,Interest Expense First Mortgage," 524,348.31 "
139,1901,7 West 7th,2024-06-01,Interest Expense,74010,Interest Expense First Mortgage," 76,756.64 "
139,1901,7 West 7th,2024-07-01,Interest Expense,74010,Interest Expense First Mortgage," 38,378.32 "
139,1901,7 West 7th,2024-08-01,Interest Expense,74010,Interest Expense First Mortgage," 38,378.32 "
139,1901,7 West 7th,2024-09-01,Interest Expense,74010,Interest Expense First Mortgage," 38,378.32 "
139,1901,7 West 7th,2024-10-01,Interest Expense,74010,Interest Expense First Mortgage," 11,934.65 "
139,1901,7 West 7th,2023-01-01,Interest Expense,74010,Interest Expense First Mortgage," 33,696.38 "
139,1901,7 West 7th,2024-01-01,Interest Expense,74010,Interest Expense First Mortgage," 37,651.80 "
139,1901,7 West 7th,2023-02-01,Interest Expense,74010,Interest Expense First Mortgage," 33,071.18 "
139,1901,7 West 7th,2023-03-01,Interest Expense,74010,Interest Expense First Mortgage," 38,855.38 "
139,1901,7 West 7th,2023-04-01,Interest Expense,74010,Interest Expense First Mortgage," 33,021.32 "
139,1901,7 West 7th,2023-05-01,Interest Expense,74010,Interest Expense First Mortgage," 36,525.45 "
139,1901,7 West 7th,2023-06-01,Interest Expense,74010,Interest Expense First Mortgage," 39,856.78 "
139,1901,7 West 7th,2023-07-01,Interest Expense,74010,Interest Expense First Mortgage," 34,821.47 "
139,1901,7 West 7th,2023-08-01,Interest Expense,74010,Interest Expense First Mortgage," 38,878.01 "
139,1901,7 West 7th,2023-09-01,Interest Expense,74010,Interest Expense First Mortgage," 40,240.60 "
139,1901,7 West 7th,2023-10-01,Interest Expense,74010,Interest Expense First Mortgage," 36,379.47 "
139,1901,7 West 7th,2023-11-01,Interest Expense,74010,Interest Expense First Mortgage," 37,626.20 "
139,1901,7 West 7th,2023-12-01,Interest Expense,74010,Interest Expense First Mortgage," 40,198.43 "
139,1901,7 West 7th,2024-02-01,Interest Expense,74010,Interest Expense First Mortgage," 36,481.32 "
139,1901,7 West 7th,2024-03-01,Interest Expense,74010,Interest Expense First Mortgage," 38,417.08 "
124,1604,901 Great Northern Way - Development,2025-02-01,Interest Expense,74010,Interest Expense First Mortgage," 113,364.45 "
124,1604,901 Great Northern Way - Development,2025-03-01,Interest Expense,74010,Interest Expense First Mortgage," 111,579.86 "
124,1604,901 Great Northern Way - Development,2025-04-01,Interest Expense,74010,Interest Expense First Mortgage," 110,665.01 "
124,1604,901 Great Northern Way - Development,2025-05-01,Interest Expense,74010,Interest Expense First Mortgage," 108,052.86 "
124,1604,901 Great Northern Way - Development,2025-06-01,Interest Expense,74010,Interest Expense First Mortgage," 271,990.80 "
124,1604,901 Great Northern Way - Development,2025-07-01,Interest Expense,74010,Interest Expense First Mortgage," 115,249.08 "
124,1604,901 Great Northern Way - Development,2025-08-01,Interest Expense,74010,Interest Expense First Mortgage," 201,256.13 "
124,1604,901 Great Northern Way - Development,2025-09-01,Interest Expense,74010,Interest Expense First Mortgage," 136,283.81 "
124,1604,901 Great Northern Way - Development,2025-10-01,Interest Expense,74010,Interest Expense First Mortgage," 135,401.58 "
124,1604,901 Great Northern Way - Development,2025-11-01,Interest Expense,74010,Interest Expense First Mortgage," 134,998.61 "
124,1604,901 Great Northern Way - Development,2025-12-01,Interest Expense,74010,Interest Expense First Mortgage," 130,821.14 "
124,1604,901 Great Northern Way - Development,2026-02-01,Interest Expense,74010,Interest Expense First Mortgage," 118,452.79 "
124,1604,901 Great Northern Way - Development,2026-03-01,Interest Expense,74010,Interest Expense First Mortgage," 131,108.63 "
124,1604,901 Great Northern Way - Development,2026-04-01,Interest Expense,74010,Interest Expense First Mortgage," 135,492.15 "
124,1604,901 Great Northern Way - Development,2026-05-01,Interest Expense,74010,Interest Expense First Mortgage," 131,213.29 "
124,1604,901 Great Northern Way - Development,2026-06-01,Interest Expense,74010,Interest Expense First Mortgage," 135,783.18 "
160,2101op,1077 Great Northern Way,2026-02-01,Interest Expense,74010,Interest Expense First Mortgage," 104,867.53 "
160,2101op,1077 Great Northern Way,2026-03-01,Interest Expense,74010,Interest Expense First Mortgage," 104,867.53 "
160,2101op,1077 Great Northern Way,2026-04-01,Interest Expense,74010,Interest Expense First Mortgage," 104,867.53 "
160,2101op,1077 Great Northern Way,2026-05-01,Interest Expense,74010,Interest Expense First Mortgage," 104,867.53 "
160,2101op,1077 Great Northern Way,2026-06-01,Interest Expense,74010,Interest Expense First Mortgage," 104,867.53 "
160,2101op,1077 Great Northern Way,2026-07-01,Interest Expense,74010,Interest Expense First Mortgage," 104,867.53 "
160,2101op,1077 Great Northern Way,2026-01-01,Interest Expense,74010,Interest Expense First Mortgage," 104,867.53 "
160,2101op,1077 Great Northern Way,2023-01-01,Interest Expense,74010,Interest Expense First Mortgage," 142,123.10 "
160,2101op,1077 Great Northern Way,2024-01-01,Interest Expense,74010,Interest Expense First Mortgage," 104,867.53 "
160,2101op,1077 Great Northern Way,2025-01-01,Interest Expense,74010,Interest Expense First Mortgage," 104,867.53 "
160,2101op,1077 Great Northern Way,2023-02-01,Interest Expense,74010,Interest Expense First Mortgage," 104,867.53 "
160,2101op,1077 Great Northern Way,2023-03-01,Interest Expense,74010,Interest Expense First Mortgage," 104,867.53 "
160,2101op,1077 Great Northern Way,2023-04-01,Interest Expense,74010,Interest Expense First Mortgage," 67,611.96 "
160,2101op,1077 Great Northern Way,2023-05-01,Interest Expense,74010,Interest Expense First Mortgage," 104,867.53 "
160,2101op,1077 Great Northern Way,2023-06-01,Interest Expense,74010,Interest Expense First Mortgage," 104,867.53 "
160,2101op,1077 Great Northern Way,2023-07-01,Interest Expense,74010,Interest Expense First Mortgage," 104,867.53 "
160,2101op,1077 Great Northern Way,2023-08-01,Interest Expense,74010,Interest Expense First Mortgage," 104,867.53 "
160,2101op,1077 Great Northern Way,2023-09-01,Interest Expense,74010,Interest Expense First Mortgage," 104,867.53 "
160,2101op,1077 Great Northern Way,2023-10-01,Interest Expense,74010,Interest Expense First Mortgage," 104,867.53 "
160,2101op,1077 Great Northern Way,2023-11-01,Interest Expense,74010,Interest Expense First Mortgage," 104,867.53 "
160,2101op,1077 Great Northern Way,2023-12-01,Interest Expense,74010,Interest Expense First Mortgage," 104,867.53 "
160,2101op,1077 Great Northern Way,2024-02-01,Interest Expense,74010,Interest Expense First Mortgage," 104,867.53 "
160,2101op,1077 Great Northern Way,2024-03-01,Interest Expense,74010,Interest Expense First Mortgage," 104,867.53 "
160,2101op,1077 Great Northern Way,2024-04-01,Interest Expense,74010,Interest Expense First Mortgage," 104,867.53 "
160,2101op,1077 Great Northern Way,2024-05-01,Interest Expense,74010,Interest Expense First Mortgage," 104,867.53 "
160,2101op,1077 Great Northern Way,2024-06-01,Interest Expense,74010,Interest Expense First Mortgage," 104,867.53 "
160,2101op,1077 Great Northern Way,2024-07-01,Interest Expense,74010,Interest Expense First Mortgage," 104,867.53 "
160,2101op,1077 Great Northern Way,2024-08-01,Interest Expense,74010,Interest Expense First Mortgage," 104,867.53 "
160,2101op,1077 Great Northern Way,2024-09-01,Interest Expense,74010,Interest Expense First Mortgage," 142,123.10 "
160,2101op,1077 Great Northern Way,2024-10-01,Interest Expense,74010,Interest Expense First Mortgage," 67,611.96 "
160,2101op,1077 Great Northern Way,2024-11-01,Interest Expense,74010,Interest Expense First Mortgage," 104,867.53 "
160,2101op,1077 Great Northern Way,2024-12-01,Interest Expense,74010,Interest Expense First Mortgage," 104,867.53 "
160,2101op,1077 Great Northern Way,2025-02-01,Interest Expense,74010,Interest Expense First Mortgage," 104,867.53 "
160,2101op,1077 Great Northern Way,2025-03-01,Interest Expense,74010,Interest Expense First Mortgage," 104,867.53 "
160,2101op,1077 Great Northern Way,2025-04-01,Interest Expense,74010,Interest Expense First Mortgage," 104,867.53 "
160,2101op,1077 Great Northern Way,2025-05-01,Interest Expense,74010,Interest Expense First Mortgage," 104,867.53 "
160,2101op,1077 Great Northern Way,2025-06-01,Interest Expense,74010,Interest Expense First Mortgage," 104,867.53 "
160,2101op,1077 Great Northern Way,2025-07-01,Interest Expense,74010,Interest Expense First Mortgage," 104,867.53 "
160,2101op,1077 Great Northern Way,2025-08-01,Interest Expense,74010,Interest Expense First Mortgage," 104,867.53 "
160,2101op,1077 Great Northern Way,2025-09-01,Interest Expense,74010,Interest Expense First Mortgage," 104,867.53 "
160,2101op,1077 Great Northern Way,2025-10-01,Interest Expense,74010,Interest Expense First Mortgage," 104,867.53 "
160,2101op,1077 Great Northern Way,2025-11-01,Interest Expense,74010,Interest Expense First Mortgage," 104,867.53 "
160,2101op,1077 Great Northern Way,2025-12-01,Interest Expense,74010,Interest Expense First Mortgage," 104,867.53 "
154,1704,155 Water - Office,2023-10-01,Interest Expense,74010,Interest Expense First Mortgage," (131,675.90)"
154,1704,155 Water - Office,2023-01-01,Interest Expense,74010,Interest Expense First Mortgage," 133,604.39 "
154,1704,155 Water - Office,2023-02-01,Interest Expense,74010,Interest Expense First Mortgage, (238.80)
154,1704,155 Water - Office,2023-03-01,Interest Expense,74010,Interest Expense First Mortgage, (239.45)
154,1704,155 Water - Office,2023-04-01,Interest Expense,74010,Interest Expense First Mortgage, (240.09)
154,1704,155 Water - Office,2023-06-01,Interest Expense,74010,Interest Expense First Mortgage," 398,175.41 "
154,1704,155 Water - Office,2023-07-01,Interest Expense,74010,Interest Expense First Mortgage," 399,131.89 "
154,1704,155 Water - Office,2023-08-01,Interest Expense,74010,Interest Expense First Mortgage, (242.68)
154,1704,155 Water - Office,2023-09-01,Interest Expense,74010,Interest Expense First Mortgage," (929,950.67)"
154,1704,155 Water - Office,2023-12-01,Interest Expense,74010,Interest Expense First Mortgage," 131,675.90 "
153,1704,155 Water - Retail,2023-06-01,Interest Expense,74010,Interest Expense First Mortgage," 44,241.71 "
153,1704,155 Water - Retail,2023-07-01,Interest Expense,74010,Interest Expense First Mortgage," 44,347.99 "
153,1704,155 Water - Retail,2023-08-01,Interest Expense,74010,Interest Expense First Mortgage, (26.97)
153,1704,155 Water - Retail,2023-09-01,Interest Expense,74010,Interest Expense First Mortgage," (103,327.85)"
153,1704,155 Water - Retail,2023-12-01,Interest Expense,74010,Interest Expense First Mortgage," 14,630.66 "
153,1704,155 Water - Retail,2023-01-01,Interest Expense,74010,Interest Expense First Mortgage," 14,844.93 "
153,1704,155 Water - Retail,2023-10-01,Interest Expense,74010,Interest Expense First Mortgage," (14,630.66)"
153,1704,155 Water - Retail,2023-02-01,Interest Expense,74010,Interest Expense First Mortgage, (26.53)
153,1704,155 Water - Retail,2023-03-01,Interest Expense,74010,Interest Expense First Mortgage, (26.61)
142,5111,1000 100th Ave - Lux,2026-04-01,Interest Expense,74010,Interest Expense First Mortgage," 116,113.06 "
142,5111,1000 100th Ave - Lux,2024-05-01,Interest Expense,74010,Interest Expense First Mortgage," 126,046.76 "
142,5111,1000 100th Ave - Lux,2024-06-01,Interest Expense,74010,Interest Expense First Mortgage," 121,724.88 "
142,5111,1000 100th Ave - Lux,2024-07-01,Interest Expense,74010,Interest Expense First Mortgage," 125,506.44 "
142,5111,1000 100th Ave - Lux,2024-08-01,Interest Expense,74010,Interest Expense First Mortgage," 125,240.62 "
142,5111,1000 100th Ave - Lux,2024-09-01,Interest Expense,74010,Interest Expense First Mortgage," 120,942.66 "
142,5111,1000 100th Ave - Lux,2024-10-01,Interest Expense,74010,Interest Expense First Mortgage," 107,633.73 "
142,5111,1000 100th Ave - Lux,2024-11-01,Interest Expense,74010,Interest Expense First Mortgage," 137,476.57 "
142,5111,1000 100th Ave - Lux,2024-12-01,Interest Expense,74010,Interest Expense First Mortgage," 124,148.61 "
142,5111,1000 100th Ave - Lux,2025-02-01,Interest Expense,74010,Interest Expense First Mortgage," 111,953.52 "
290,2102,1155 East 6th,2026-02-01,Interest Expense,74010,Interest Expense First Mortgage," 290,966.48 "
290,2102,1155 East 6th,2026-03-01,Interest Expense,74010,Interest Expense First Mortgage," 334,248.70 "
290,2102,1155 East 6th,2026-04-01,Interest Expense,74010,Interest Expense First Mortgage," 313,004.27 "
290,2102,1155 East 6th,2026-05-01,Interest Expense,74010,Interest Expense First Mortgage," 302,473.52 "
290,2102,1155 East 6th,2026-06-01,Interest Expense,74010,Interest Expense First Mortgage," 333,419.65 "
290,2102,1155 East 6th,2026-01-01,Interest Expense,74010,Interest Expense First Mortgage," 312,444.57 "
289,2101dev,1077 Great Northern Way - development,2026-02-01,Interest Expense,74010,Interest Expense First Mortgage," 37,255.57 "
289,2101dev,1077 Great Northern Way - development,2026-03-01,Interest Expense,74010,Interest Expense First Mortgage," 37,255.57 "
289,2101dev,1077 Great Northern Way - development,2026-04-01,Interest Expense,74010,Interest Expense First Mortgage," 37,255.57 "
289,2101dev,1077 Great Northern Way - development,2026-05-01,Interest Expense,74010,Interest Expense First Mortgage," 37,255.57 "
289,2101dev,1077 Great Northern Way - development,2026-06-01,Interest Expense,74010,Interest Expense First Mortgage," 37,255.57 "
289,2101dev,1077 Great Northern Way - development,2026-01-01,Interest Expense,74010,Interest Expense First Mortgage," 37,255.57 "
1449,2402,2386 West 3rd Ave,2026-01-01,Interest Expense,74010,Interest Expense First Mortgage," 13,656.90 "
1449,2402,2386 West 3rd Ave,2026-02-01,Interest Expense,74010,Interest Expense First Mortgage," 12,833.19 "
1449,2402,2386 West 3rd Ave,2026-03-01,Interest Expense,74010,Interest Expense First Mortgage," 14,188.08 "
1449,2402,2386 West 3rd Ave,2026-04-01,Interest Expense,74010,Interest Expense First Mortgage," 1,443.79 "
1446,2401,2315 West 4th,2026-01-01,Interest Expense,74010,Interest Expense First Mortgage," 209,210.29 "
1446,2401,2315 West 4th,2026-02-01,Interest Expense,74010,Interest Expense First Mortgage," 183,878.43 "
1446,2401,2315 West 4th,2026-03-01,Interest Expense,74010,Interest Expense First Mortgage," 203,579.69 "
1446,2401,2315 West 4th,2026-04-01,Interest Expense,74010,Interest Expense First Mortgage," 210,028.82 "
1446,2401,2315 West 4th,2026-05-01,Interest Expense,74010,Interest Expense First Mortgage," 111,616.00 "
1446,2401,2315 West 4th,2026-06-01,Interest Expense,74010,Interest Expense First Mortgage," 258,333.96 "
153,1704,155 Water - Retail,2023-04-01,Interest Expense,74010,Interest Expense First Mortgage, (26.67)
139,1901,7 West 7th,2024-04-01,Interest Expense,74010,Interest Expense First Mortgage," 38,437.20 "
121,5106,1515 Bellevue Way,2026-06-01,Interest Expense,74010,Interest Expense First Mortgage," 221,892.63 "
101,5104,207 Park Lane,2026-05-01,Interest Expense,74010,Interest Expense First Mortgage," 145,973.88 "
85,1704,155 Water - Funding Entity,2023-11-01,Interest Expense,74010,Interest Expense First Mortgage," 146,035.47 "
25,1401,1618 Station,2023-12-01,Interest Expense,74010,Interest Expense First Mortgage," 51,980.08 "
17,1104,21 Water,2025-02-01,Interest Expense,74010,Interest Expense First Mortgage," 56,938.83 "
16,1213,1455 East Georgia,2024-04-01,Interest Expense,74010,Interest Expense First Mortgage," 15,069.43 "
13,1210,108/110 West Hastings,2024-08-01,Interest Expense,74010,Interest Expense First Mortgage," 5,739.60 "
7,1204,868 East Hastings,2023-08-01,Interest Expense,74010,Interest Expense First Mortgage," 1,825.89 "
1449,2402,2386 West 3rd Ave,2025-12-01,Capitalized Interest,10830,WIP Cap Interest," 14,345.35 "
48,1000,Low Tide Properties Ltd,2024-04-01,Payment/Draw,21012,Value Add Facility," (185,186.85)"
48,1000,Low Tide Properties Ltd,2026-02-01,Interest Expense,74030,Line of Credit Interest," 45,023.63 "
48,1000,Low Tide Properties Ltd,2026-03-01,Interest Expense,74030,Line of Credit Interest," 46,337.30 "
48,1000,Low Tide Properties Ltd,2026-04-01,Interest Expense,74030,Line of Credit Interest," 67,354.11 "
48,1000,Low Tide Properties Ltd,2026-05-01,Interest Expense,74030,Line of Credit Interest," 100,950.38 "
48,1000,Low Tide Properties Ltd,2026-06-01,Interest Expense,74030,Line of Credit Interest," 158,616.66 "
48,1000,Low Tide Properties Ltd,2026-07-01,Interest Expense,74030,Line of Credit Interest," (102,041.10)"
48,1000,Low Tide Properties Ltd,2023-01-01,Interest Expense,74030,Line of Credit Interest," 97,617.66 "
48,1000,Low Tide Properties Ltd,2024-01-01,Interest Expense,74030,Line of Credit Interest," 43,656.66 "
48,1000,Low Tide Properties Ltd,2025-01-01,Interest Expense,74030,Line of Credit Interest," 59,391.62 "
48,1000,Low Tide Properties Ltd,2026-01-01,Interest Expense,74030,Line of Credit Interest," 21,650.17 "
48,1000,Low Tide Properties Ltd,2023-02-01,Interest Expense,74030,Line of Credit Interest," 22,599.58 "
48,1000,Low Tide Properties Ltd,2023-03-01,Interest Expense,74030,Line of Credit Interest," 40,294.53 "
48,1000,Low Tide Properties Ltd,2023-04-01,Interest Expense,74030,Line of Credit Interest," 12,940.18 "
48,1000,Low Tide Properties Ltd,2023-06-01,Interest Expense,74030,Line of Credit Interest," 2,120.23 "
48,1000,Low Tide Properties Ltd,2023-07-01,Interest Expense,74030,Line of Credit Interest," 28,037.56 "
48,1000,Low Tide Properties Ltd,2023-08-01,Interest Expense,74030,Line of Credit Interest," 44,813.59 "
48,1000,Low Tide Properties Ltd,2023-09-01,Interest Expense,74030,Line of Credit Interest," 61,021.48 "
48,1000,Low Tide Properties Ltd,2023-10-01,Interest Expense,74030,Line of Credit Interest," 102,675.94 "
48,1000,Low Tide Properties Ltd,2023-11-01,Interest Expense,74030,Line of Credit Interest," 12,145.46 "
48,1000,Low Tide Properties Ltd,2023-12-01,Interest Expense,74030,Line of Credit Interest," 45,554.30 "
48,1000,Low Tide Properties Ltd,2024-02-01,Interest Expense,74030,Line of Credit Interest," 41,321.10 "
48,1000,Low Tide Properties Ltd,2024-03-01,Interest Expense,74030,Line of Credit Interest," 3,128.54 "
48,1000,Low Tide Properties Ltd,2024-04-01,Interest Expense,74030,Line of Credit Interest, 902.74 
48,1000,Low Tide Properties Ltd,2024-05-01,Interest Expense,74030,Line of Credit Interest," 5,684.05 "
48,1000,Low Tide Properties Ltd,2024-06-01,Interest Expense,74030,Line of Credit Interest," 44,184.39 "
48,1000,Low Tide Properties Ltd,2024-07-01,Interest Expense,74030,Line of Credit Interest," 114,794.01 "
48,1000,Low Tide Properties Ltd,2024-08-01,Interest Expense,74030,Line of Credit Interest," 112,471.91 "
48,1000,Low Tide Properties Ltd,2024-09-01,Interest Expense,74030,Line of Credit Interest," 120,943.72 "
48,1000,Low Tide Properties Ltd,2024-10-01,Interest Expense,74030,Line of Credit Interest," 44,831.92 "
48,1000,Low Tide Properties Ltd,2024-11-01,Interest Expense,74030,Line of Credit Interest," 60,986.37 "
48,1000,Low Tide Properties Ltd,2024-12-01,Interest Expense,74030,Line of Credit Interest," 36,484.92 "
48,1000,Low Tide Properties Ltd,2025-02-01,Interest Expense,74030,Line of Credit Interest," 83,832.38 "
48,1000,Low Tide Properties Ltd,2025-03-01,Interest Expense,74030,Line of Credit Interest," 83,049.34 "
48,1000,Low Tide Properties Ltd,2025-04-01,Interest Expense,74030,Line of Credit Interest," 93,808.30 "
48,1000,Low Tide Properties Ltd,2025-05-01,Interest Expense,74030,Line of Credit Interest," 85,504.30 "
48,1000,Low Tide Properties Ltd,2025-06-01,Interest Expense,74030,Line of Credit Interest," 70,159.91 "
48,1000,Low Tide Properties Ltd,2025-07-01,Interest Expense,74030,Line of Credit Interest," 85,978.40 "
48,1000,Low Tide Properties Ltd,2025-08-01,Interest Expense,74030,Line of Credit Interest," 97,966.10 "
48,1000,Low Tide Properties Ltd,2025-09-01,Interest Expense,74030,Line of Credit Interest," 67,872.68 "
48,1000,Low Tide Properties Ltd,2025-10-01,Interest Expense,74030,Line of Credit Interest," 17,633.36 "
48,1000,Low Tide Properties Ltd,2025-12-01,Interest Expense,74030,Line of Credit Interest," 3,950.75 "
72,1702,1428 Charles,2024-06-01,Capitalized Interest (Contra),74090,Capitalized Interest (Contra)," (112,246.26)"
72,1702,1428 Charles,2024-07-01,Capitalized Interest (Contra),74090,Capitalized Interest (Contra)," (56,123.13)"
72,1702,1428 Charles,2024-08-01,Capitalized Interest (Contra),74090,Capitalized Interest (Contra)," (56,123.13)"
72,1702,1428 Charles,2024-09-01,Capitalized Interest (Contra),74090,Capitalized Interest (Contra)," (56,123.13)"
72,1702,1428 Charles,2024-10-01,Capitalized Interest (Contra),74090,Capitalized Interest (Contra)," (17,452.82)"
72,1702,1428 Charles,2025-11-01,Capitalized Interest (Contra),74090,Capitalized Interest (Contra)," (29,346.45)"
72,1702,1428 Charles,2025-12-01,Capitalized Interest (Contra),74090,Capitalized Interest (Contra)," (34,040.45)"
72,1702,1428 Charles,2026-02-01,Capitalized Interest (Contra),74090,Capitalized Interest (Contra)," (28,877.23)"
72,1702,1428 Charles,2023-01-01,Capitalized Interest (Contra),74090,Capitalized Interest (Contra)," (49,276.43)"
72,1702,1428 Charles,2024-01-01,Capitalized Interest (Contra),74090,Capitalized Interest (Contra)," (55,060.69)"
72,1702,1428 Charles,2025-10-01,Capitalized Interest (Contra),74090,Capitalized Interest (Contra)," (28,512.25)"
72,1702,1428 Charles,2026-01-01,Capitalized Interest (Contra),74090,Capitalized Interest (Contra)," (30,930.92)"
72,1702,1428 Charles,2023-03-01,Capitalized Interest (Contra),74090,Capitalized Interest (Contra)," (105,182.92)"
72,1702,1428 Charles,2023-04-01,Capitalized Interest (Contra),74090,Capitalized Interest (Contra)," (48,289.24)"
72,1702,1428 Charles,2026-03-01,Capitalized Interest (Contra),74090,Capitalized Interest (Contra)," (33,002.54)"
89,5101,First and Roy,2025-03-01,Capitalized Interest (Contra),74090,Capitalized Interest (Contra)," (232,024.37)"
89,5101,First and Roy,2025-04-01,Capitalized Interest (Contra),74090,Capitalized Interest (Contra)," (236,054.21)"
89,5101,First and Roy,2025-05-01,Capitalized Interest (Contra),74090,Capitalized Interest (Contra)," (248,253.43)"
89,5101,First and Roy,2025-06-01,Capitalized Interest (Contra),74090,Capitalized Interest (Contra)," (245,903.26)"
89,5101,First and Roy,2025-07-01,Capitalized Interest (Contra),74090,Capitalized Interest (Contra)," (253,244.06)"
89,5101,First and Roy,2025-08-01,Capitalized Interest (Contra),74090,Capitalized Interest (Contra)," (256,032.20)"
89,5101,First and Roy,2025-09-01,Capitalized Interest (Contra),74090,Capitalized Interest (Contra)," (253,344.59)"
89,5101,First and Roy,2025-10-01,Capitalized Interest (Contra),74090,Capitalized Interest (Contra)," (256,233.84)"
89,5101,First and Roy,2025-11-01,Capitalized Interest (Contra),74090,Capitalized Interest (Contra)," (259,562.46)"
89,5101,First and Roy,2025-12-01,Capitalized Interest (Contra),74090,Capitalized Interest (Contra)," (264,341.12)"
89,5101,First and Roy,2026-02-01,Capitalized Interest (Contra),74090,Capitalized Interest (Contra)," (241,416.98)"
89,5101,First and Roy,2026-06-01,Capitalized Interest (Contra),74090,Capitalized Interest (Contra)," (231,312.33)"
89,5101,First and Roy,2026-04-01,Capitalized Interest (Contra),74090,Capitalized Interest (Contra)," (239,022.74)"
89,5101,First and Roy,2026-05-01,Capitalized Interest (Contra),74090,Capitalized Interest (Contra)," (238,425.84)"
89,5101,First and Roy,2026-03-01,Capitalized Interest (Contra),74090,Capitalized Interest (Contra)," (294,223.73)"
89,5101,First and Roy,2026-01-01,Capitalized Interest (Contra),74090,Capitalized Interest (Contra)," (267,911.18)"
89,5101,First and Roy,2025-02-01,Capitalized Interest (Contra),74090,Capitalized Interest (Contra)," (192,216.90)"
77,1703,515-521 Great Northern Way,2026-04-01,Capitalized Interest (Contra),74090,Capitalized Interest (Contra)," (319,282.81)"
77,1703,515-521 Great Northern Way,2026-05-01,Capitalized Interest (Contra),74090,Capitalized Interest (Contra)," (320,137.12)"
77,1703,515-521 Great Northern Way,2026-06-01,Capitalized Interest (Contra),74090,Capitalized Interest (Contra)," (329,512.27)"
77,1703,515-521 Great Northern Way,2026-01-01,Capitalized Interest (Contra),74090,Capitalized Interest (Contra)," (318,838.39)"
77,1703,515-521 Great Northern Way,2026-02-01,Capitalized Interest (Contra),74090,Capitalized Interest (Contra)," (318,729.62)"
77,1703,515-521 Great Northern Way,2026-03-01,Capitalized Interest (Contra),74090,Capitalized Interest (Contra)," (329,942.01)"
72,1702,1428 Charles,2026-04-01,Capitalized Interest (Contra),74090,Capitalized Interest (Contra)," (30,939.86)"
72,1702,1428 Charles,2026-05-01,Capitalized Interest (Contra),74090,Capitalized Interest (Contra)," (29,906.23)"
72,1702,1428 Charles,2026-06-01,Capitalized Interest (Contra),74090,Capitalized Interest (Contra)," (32,973.62)"
72,1702,1428 Charles,2023-05-01,Capitalized Interest (Contra),74090,Capitalized Interest (Contra)," (53,413.56)"
72,1702,1428 Charles,2023-06-01,Capitalized Interest (Contra),74090,Capitalized Interest (Contra)," (58,285.18)"
72,1702,1428 Charles,2023-07-01,Capitalized Interest (Contra),74090,Capitalized Interest (Contra)," (50,921.72)"
72,1702,1428 Charles,2023-08-01,Capitalized Interest (Contra),74090,Capitalized Interest (Contra)," (56,853.86)"
72,1702,1428 Charles,2023-09-01,Capitalized Interest (Contra),74090,Capitalized Interest (Contra)," (58,846.47)"
72,1702,1428 Charles,2023-10-01,Capitalized Interest (Contra),74090,Capitalized Interest (Contra)," (53,200.09)"
72,1702,1428 Charles,2023-11-01,Capitalized Interest (Contra),74090,Capitalized Interest (Contra)," (55,023.25)"
72,1702,1428 Charles,2023-12-01,Capitalized Interest (Contra),74090,Capitalized Interest (Contra)," (58,784.81)"
72,1702,1428 Charles,2024-02-01,Capitalized Interest (Contra),74090,Capitalized Interest (Contra)," (53,349.03)"
72,1702,1428 Charles,2024-03-01,Capitalized Interest (Contra),74090,Capitalized Interest (Contra)," (56,179.82)"
72,1702,1428 Charles,2024-04-01,Capitalized Interest (Contra),74090,Capitalized Interest (Contra)," (56,209.24)"
110,1803,700 Kingsway,2026-04-01,Capitalized Interest (Contra),74090,Capitalized Interest (Contra)," (14,677.87)"
110,1803,700 Kingsway,2026-05-01,Capitalized Interest (Contra),74090,Capitalized Interest (Contra)," (14,187.51)"
110,1803,700 Kingsway,2026-06-01,Capitalized Interest (Contra),74090,Capitalized Interest (Contra)," (15,642.68)"
110,1803,700 Kingsway,2023-05-01,Capitalized Interest (Contra),74090,Capitalized Interest (Contra)," (18,969.67)"
110,1803,700 Kingsway,2023-06-01,Capitalized Interest (Contra),74090,Capitalized Interest (Contra)," (20,699.81)"
110,1803,700 Kingsway,2023-07-01,Capitalized Interest (Contra),74090,Capitalized Interest (Contra)," (18,084.70)"
110,1803,700 Kingsway,2023-08-01,Capitalized Interest (Contra),74090,Capitalized Interest (Contra)," (20,191.48)"
110,1803,700 Kingsway,2023-09-01,Capitalized Interest (Contra),74090,Capitalized Interest (Contra)," (20,899.15)"
110,1803,700 Kingsway,2023-10-01,Capitalized Interest (Contra),74090,Capitalized Interest (Contra)," (18,893.86)"
110,1803,700 Kingsway,2023-11-01,Capitalized Interest (Contra),74090,Capitalized Interest (Contra)," (19,541.35)"
110,1803,700 Kingsway,2023-12-01,Capitalized Interest (Contra),74090,Capitalized Interest (Contra)," (20,877.25)"
110,1803,700 Kingsway,2024-02-01,Capitalized Interest (Contra),74090,Capitalized Interest (Contra)," (18,946.75)"
110,1803,700 Kingsway,2024-03-01,Capitalized Interest (Contra),74090,Capitalized Interest (Contra)," (19,952.10)"
110,1803,700 Kingsway,2024-04-01,Capitalized Interest (Contra),74090,Capitalized Interest (Contra)," (19,962.55)"
110,1803,700 Kingsway,2024-06-01,Capitalized Interest (Contra),74090,Capitalized Interest (Contra)," (39,863.93)"
110,1803,700 Kingsway,2024-07-01,Capitalized Interest (Contra),74090,Capitalized Interest (Contra)," (19,931.97)"
110,1803,700 Kingsway,2024-08-01,Capitalized Interest (Contra),74090,Capitalized Interest (Contra)," (19,931.97)"
110,1803,700 Kingsway,2024-09-01,Capitalized Interest (Contra),74090,Capitalized Interest (Contra)," (19,931.97)"
110,1803,700 Kingsway,2024-10-01,Capitalized Interest (Contra),74090,Capitalized Interest (Contra)," (6,198.32)"
110,1803,700 Kingsway,2025-11-01,Capitalized Interest (Contra),74090,Capitalized Interest (Contra)," (13,921.96)"
110,1803,700 Kingsway,2025-12-01,Capitalized Interest (Contra),74090,Capitalized Interest (Contra)," (16,148.79)"
110,1803,700 Kingsway,2026-02-01,Capitalized Interest (Contra),74090,Capitalized Interest (Contra)," (13,699.36)"
110,1803,700 Kingsway,2023-01-01,Capitalized Interest (Contra),74090,Capitalized Interest (Contra)," (19,464.98)"
110,1803,700 Kingsway,2024-01-01,Capitalized Interest (Contra),74090,Capitalized Interest (Contra)," (19,554.64)"
110,1803,700 Kingsway,2025-10-01,Capitalized Interest (Contra),74090,Capitalized Interest (Contra)," (13,526.21)"
110,1803,700 Kingsway,2026-01-01,Capitalized Interest (Contra),74090,Capitalized Interest (Contra)," (14,673.63)"
110,1803,700 Kingsway,2023-02-01,Capitalized Interest (Contra),74090,Capitalized Interest (Contra)," (15,211.08)"
110,1803,700 Kingsway,2023-03-01,Capitalized Interest (Contra),74090,Capitalized Interest (Contra)," (20,179.73)"
110,1803,700 Kingsway,2023-04-01,Capitalized Interest (Contra),74090,Capitalized Interest (Contra)," (17,149.78)"
110,1803,700 Kingsway,2026-03-01,Capitalized Interest (Contra),74090,Capitalized Interest (Contra)," (15,656.40)"
96,5103,112 Lake Street,2024-03-01,Capitalized Interest (Contra),74090,Capitalized Interest (Contra)," (409,901.52)"
96,5103,112 Lake Street,2024-02-01,Capitalized Interest (Contra),74090,Capitalized Interest (Contra)," (382,584.70)"
96,5103,112 Lake Street,2024-04-01,Capitalized Interest (Contra),74090,Capitalized Interest (Contra)," (391,707.56)"
96,5103,112 Lake Street,2024-05-01,Capitalized Interest (Contra),74090,Capitalized Interest (Contra)," (413,941.28)"
96,5103,112 Lake Street,2024-06-01,Capitalized Interest (Contra),74090,Capitalized Interest (Contra)," (351,727.19)"
96,5103,112 Lake Street,2024-01-01,Capitalized Interest (Contra),74090,Capitalized Interest (Contra)," (397,039.19)"
96,5103,112 Lake Street,2023-08-01,Capitalized Interest (Contra),74090,Capitalized Interest (Contra)," (223,799.52)"
96,5103,112 Lake Street,2023-09-01,Capitalized Interest (Contra),74090,Capitalized Interest (Contra)," (116,976.78)"
96,5103,112 Lake Street,2023-10-01,Capitalized Interest (Contra),74090,Capitalized Interest (Contra)," (134,035.12)"
96,5103,112 Lake Street,2023-11-01,Capitalized Interest (Contra),74090,Capitalized Interest (Contra)," (136,048.75)"
96,5103,112 Lake Street,2023-12-01,Capitalized Interest (Contra),74090,Capitalized Interest (Contra)," (189,909.36)"
1449,2402,2386 West 3rd Ave,2026-01-01,Capitalized Interest (Contra),74090,Capitalized Interest (Contra)," (13,656.90)"
1449,2402,2386 West 3rd Ave,2026-02-01,Capitalized Interest (Contra),74090,Capitalized Interest (Contra)," (12,833.19)"
1449,2402,2386 West 3rd Ave,2026-03-01,Capitalized Interest (Contra),74090,Capitalized Interest (Contra)," (14,188.08)"
1449,2402,2386 West 3rd Ave,2026-04-01,Capitalized Interest (Contra),74090,Capitalized Interest (Contra)," (1,443.79)"
1446,2401,2315 West 4th,2026-06-01,Capitalized Interest (Contra),74090,Capitalized Interest (Contra)," (258,333.96)"
1446,2401,2315 West 4th,2026-01-01,Capitalized Interest (Contra),74090,Capitalized Interest (Contra)," (209,210.29)"
1446,2401,2315 West 4th,2026-02-01,Capitalized Interest (Contra),74090,Capitalized Interest (Contra)," (183,878.43)"
1446,2401,2315 West 4th,2026-03-01,Capitalized Interest (Contra),74090,Capitalized Interest (Contra)," (203,579.69)"
1446,2401,2315 West 4th,2026-04-01,Capitalized Interest (Contra),74090,Capitalized Interest (Contra)," (210,028.82)"
1446,2401,2315 West 4th,2026-05-01,Capitalized Interest (Contra),74090,Capitalized Interest (Contra)," (111,616.00)"
290,2102,1155 East 6th,2026-02-01,Capitalized Interest (Contra),74090,Capitalized Interest (Contra)," (290,966.48)"
290,2102,1155 East 6th,2026-03-01,Capitalized Interest (Contra),74090,Capitalized Interest (Contra)," (334,248.70)"
290,2102,1155 East 6th,2026-04-01,Capitalized Interest (Contra),74090,Capitalized Interest (Contra)," (313,004.27)"
290,2102,1155 East 6th,2026-05-01,Capitalized Interest (Contra),74090,Capitalized Interest (Contra)," (302,473.52)"
290,2102,1155 East 6th,2026-06-01,Capitalized Interest (Contra),74090,Capitalized Interest (Contra)," (333,419.65)"
290,2102,1155 East 6th,2026-01-01,Capitalized Interest (Contra),74090,Capitalized Interest (Contra)," (312,444.57)"
289,2101dev,1077 Great Northern Way - development,2026-02-01,Capitalized Interest (Contra),74090,Capitalized Interest (Contra)," (37,255.57)"
289,2101dev,1077 Great Northern Way - development,2026-03-01,Capitalized Interest (Contra),74090,Capitalized Interest (Contra)," (37,255.57)"
289,2101dev,1077 Great Northern Way - development,2026-04-01,Capitalized Interest (Contra),74090,Capitalized Interest (Contra)," (37,255.57)"
289,2101dev,1077 Great Northern Way - development,2026-05-01,Capitalized Interest (Contra),74090,Capitalized Interest (Contra)," (37,255.57)"
289,2101dev,1077 Great Northern Way - development,2026-06-01,Capitalized Interest (Contra),74090,Capitalized Interest (Contra)," (37,255.57)"
289,2101dev,1077 Great Northern Way - development,2026-01-01,Capitalized Interest (Contra),74090,Capitalized Interest (Contra)," (37,255.57)"
